Sequence,Species1,Family1,Order1,Avibase.ID1,Total.individuals,Female,Male,Unknown,Complete.measures,Beak.Length_Culmen,Beak.Length_Nares,Beak.Width,Beak.Depth,Tarsus.Length,Wing.Length,Kipps.Distance,Secondary1,Hand-Wing.Index,Tail.Length,Mass,Mass.Source,Mass.Refs.Other,Inference,Traits.inferred,Reference.species,Habitat,Habitat.Density,Migration,Trophic.Level,Trophic.Niche,Primary.Lifestyle,Min.Latitude,Max.Latitude,Centroid.Latitude,Centroid.Longitude,Range.Size
894,Alectroenas madagascariensis,Columbidae,Columbiformes,AVIBASE-F87511B3,4,2,2,0,4,17.5,9.2,4.1,4.2,22.3,171.0,57.5,113.5,33.6,81.5,173.0,Dunning,NA,NO,NA,NA,Forest,2,1,Herbivore,Frugivore,Insessorial,-25.18,-12.44,-19.07,47.65,311714.72
896,Alectroenas pulcherrimus,Columbidae,Columbiformes,AVIBASE-576B77A3,5,2,2,1,4,20.6,9.4,4.5,4.8,25.5,160.4,40.8,121.0,25.2,81.2,165.0,Dunning,NA,NO,NA,NA,Forest,2,1,Herbivore,Frugivore,Insessorial,-4.80,-3.71,-4.56,55.52,243.54
895,Alectroenas sganzini,Columbidae,Columbiformes,AVIBASE-E396A643,5,2,3,0,4,19.3,8.8,4.4,4.3,25.3,164.2,50.2,113.5,30.7,93.0,158.0,Dunning,NA,NO,NA,NA,Forest,2,1,Herbivore,Frugivore,Insessorial,-13.00,-9.34,-11.87,44.12,2217.00
752,Alopecoenas beccarii,Columbidae,Columbiformes,AVIBASE-51D9E97E,4,2,2,0,4,15.6,9.1,2.1,2.8,27.5,103.0,30.5,72.5,29.6,55.5,78.7,Dunning,NA,NO,NA,NA,Forest,1,1,Herbivore,Omnivore,Terrestrial,-10.22,-0.49,-5.34,141.95,167246.95
754,Alopecoenas canifrons,Columbidae,Columbiformes,AVIBASE-40866A35,1,0,0,1,1,20.6,9.7,2.8,3.7,30.9,113.0,30.0,83.0,26.5,63.0,135.0,Inferred,NA,YES,Body Mass,Alopecoenas jobiensis,Forest,1,1,Herbivore,Granivore,Terrestrial,6.89,7.73,7.44,134.54,454.47
750,Alopecoenas erythropterus,Columbidae,Columbiformes,AVIBASE-DD2985FA,4,1,3,0,4,20.7,11.1,3.6,4.3,31.6,140.5,43.2,97.2,30.8,73.5,113.2,Dunning,NA,NO,NA,NA,Woodland,1,1,Herbivore,Granivore,Terrestrial,-23.18,-14.91,-19.19,-140.86,47.85
746,Alopecoenas hoedtii,Columbidae,Columbiformes,AVIBASE-CD21DBC9,3,1,2,0,3,18.8,8.8,3.9,4.8,27.0,148.7,42.7,106.0,28.7,102.3,135.0,Inferred,NA,YES,Body Mass,Alopecoenas jobiensis,Forest,1,1,Herbivore,Frugivore,Terrestrial,-10.37,-7.55,-9.11,125.22,27951.31
747,Alopecoenas jobiensis,Columbidae,Columbiformes,AVIBASE-424F7705,5,0,5,0,4,18.4,9.6,3.4,4.1,26.9,144.2,49.8,94.5,34.5,86.0,135.0,Dunning,NA,NO,NA,NA,Forest,1,1,Herbivore,Omnivore,Terrestrial,-10.85,-1.47,-5.49,142.80,647409.70
753,Alopecoenas johannae,Columbidae,Columbiformes,AVIBASE-A8329D59,4,2,2,0,4,17.2,8.3,2.7,3.7,26.1,105.4,30.4,74.9,28.9,56.6,78.7,DataFromSplit,NA,NO,NA,NA,Forest,1,1,Herbivore,Omnivore,Terrestrial,-11.85,-1.32,-6.00,153.02,71944.46
748,Alopecoenas kubaryi,Columbidae,Columbiformes,AVIBASE-2E50E5DA,4,2,2,0,4,21.1,11.2,3.4,4.8,32.4,146.0,40.8,105.2,27.8,81.2,162.0,EltonTraits_Model,NA,NO,NA,NA,Forest,1,1,Omnivore,Omnivore,Terrestrial,6.79,7.46,6.98,156.95,426.86
751,Alopecoenas rubescens,Columbidae,Columbiformes,AVIBASE-AA66FD08,5,2,3,0,4,17.2,9.9,2.9,3.8,28.8,120.6,32.0,88.2,26.7,65.8,60.0,Dunning,NA,NO,NA,NA,Shrubland,1,1,Herbivore,Granivore,Insessorial,-9.44,-7.90,-8.14,-140.34,9.82
755,Alopecoenas sanctaecrucis,Columbidae,Columbiformes,AVIBASE-C7C949AE,1,0,0,1,1,20.3,9.8,3.0,3.9,23.5,126.0,35.0,91.0,27.8,65.0,171.0,Inferred,NA,YES,Body Mass,Alopecoenas stairi,Forest,1,1,Herbivore,Omnivore,Terrestrial,-15.62,-10.39,-15.20,166.79,1712.93
756,Alopecoenas stairi,Columbidae,Columbiformes,AVIBASE-39CA325C,4,2,2,0,4,22.1,12.8,3.4,4.4,31.3,147.5,46.0,101.5,31.2,89.0,171.0,Dunning,NA,NO,NA,NA,Forest,3,1,Herbivore,Omnivore,Terrestrial,-21.12,-13.43,-16.96,114.54,21209.69
749,Alopecoenas xanthonurus,Columbidae,Columbiformes,AVIBASE-41AF6D10,5,2,3,0,4,19.7,11.9,3.8,4.8,29.8,139.2,39.0,98.8,28.4,87.8,110.6,Dunning,NA,NO,NA,NA,Forest,1,1,Herbivore,Frugivore,Insessorial,9.44,20.54,14.09,144.56,1130.18
621,Aplopelia larvata,Columbidae,Columbiformes,AVIBASE-EE40DDB6,18,6,7,5,8,21.7,19.0,3.3,3.7,26.0,143.1,42.1,101.7,29.3,92.9,155.0,Dunning,NA,NO,NA,NA,Forest,2,1,Herbivore,Granivore,Terrestrial,-34.84,16.48,-5.70,27.89,2621498.99
784,Caloenas nicobarica,Columbidae,Columbiformes,AVIBASE-0FFC77EF,5,2,3,0,3,30.7,16.4,5.4,7.7,43.7,259.0,85.5,174.8,32.8,98.8,537.9,Dunning,NA,NO,NA,NA,Forest,1,2,Herbivore,Omnivore,Terrestrial,-11.85,19.58,-0.34,127.47,475640.94
789,Chalcophaps indica,Columbidae,Columbiformes,AVIBASE-05E5E8F6,58,10,22,26,8,20.9,11.3,3.1,4.2,25.8,143.9,40.0,100.1,28.7,83.9,136.5,Dunning,NA,NO,NA,NA,Forest,1,1,Herbivore,Omnivore,Generalist,-10.58,29.54,11.66,104.11,4704607.55
790,Chalcophaps longirostris,Columbidae,Columbiformes,AVIBASE-826A9742,4,2,2,0,4,22.7,10.7,2.8,4.0,25.9,152.0,48.7,103.3,32.0,87.0,136.5,DataFromSplit,NA,NO,NA,NA,Forest,1,1,Herbivore,Omnivore,Generalist,-37.00,-3.73,-17.66,143.79,639179.72
791,Chalcophaps stephani,Columbidae,Columbiformes,AVIBASE-7330DBCF,5,2,3,0,4,20.7,9.5,2.6,3.8,24.8,136.0,43.9,91.6,32.4,84.4,129.0,Dunning,NA,NO,NA,NA,Forest,3,1,Herbivore,Omnivore,Generalist,-10.91,1.76,-4.92,138.77,866814.34
899,Chrysoena luteovirens,Columbidae,Columbiformes,AVIBASE-79FF7D13,5,2,3,0,4,16.1,7.2,3.5,3.8,21.6,117.0,26.3,91.0,22.4,61.0,46.6,EltonTraits_Model,NA,NO,NA,NA,Forest,2,1,Herbivore,Frugivore,Insessorial,-18.43,-17.26,-17.83,177.99,9129.14
898,Chrysoena victor,Columbidae,Columbiformes,AVIBASE-6A9470B3,5,3,2,0,4,16.2,7.1,3.4,3.7,21.7,116.8,30.0,87.8,25.5,59.2,46.6,EltonTraits_Model,NA,NO,NA,NA,Woodland,2,1,Herbivore,Frugivore,Insessorial,-17.01,-16.13,-16.62,154.16,6108.65
900,Chrysoena viridis,Columbidae,Columbiformes,AVIBASE-457D9C38,4,2,2,0,4,16.3,6.9,3.4,3.8,22.6,114.8,22.8,91.9,19.9,49.0,46.6,EltonTraits_Model,NA,NO,NA,NA,Forest,2,1,Herbivore,Frugivore,Insessorial,-19.18,-18.87,-19.04,178.25,464.94
732,Claravis pretiosa,Columbidae,Columbiformes,AVIBASE-C4C9F313,13,5,7,1,8,16.6,9.8,3.2,3.6,16.3,110.8,29.5,81.4,26.7,76.1,68.2,Dunning,NA,NO,NA,NA,Forest,1,2,Herbivore,Granivore,Generalist,-28.02,23.80,-6.40,-59.59,12977823.95
604,Columba albinucha,Columbidae,Columbiformes,AVIBASE-A1B9BB88,1,0,0,1,1,25.4,11.5,4.2,4.6,24.0,183.0,76.9,106.1,42.0,112.0,325.0,Dunning,NA,NO,NA,NA,Forest,2,1,Herbivore,Frugivore,Insessorial,-3.83,5.33,-0.10,27.53,79766.00
590,Columba albitorques,Columbidae,Columbiformes,AVIBASE-DD7C4C78,5,3,2,0,4,21.0,10.5,4.5,5.4,28.7,220.6,97.5,125.5,43.7,106.0,277.0,Dunning,NA,NO,NA,NA,Grassland,2,1,Herbivore,Granivore,Terrestrial,5.98,14.95,9.94,38.63,137598.58
609,Columba argentina,Columbidae,Columbiformes,AVIBASE-036DC7FC,5,2,3,0,4,29.6,13.8,5.9,6.6,29.2,234.6,88.7,146.1,37.8,148.0,330.0,Inferred,NA,YES,Body Mass,Columba pulchricollis,Woodland,2,2,Herbivore,Frugivore,Insessorial,-1.86,2.92,1.52,97.14,5897.60
599,Columba arquatrix,Columbidae,Columbiformes,AVIBASE-EEDB8253,9,4,5,0,4,27.9,12.8,4.3,5.9,28.3,225.4,84.3,143.1,37.1,131.7,400.0,Dunning,NA,NO,NA,NA,Forest,2,1,Herbivore,Frugivore,Insessorial,-34.84,17.87,-11.67,31.52,1486805.14
596,Columba bollii,Columbidae,Columbiformes,AVIBASE-1ED914E6,5,2,3,0,4,26.7,13.9,5.3,5.9,30.7,214.0,77.0,134.8,36.4,149.0,308.5,EltonTraits_GenAvg,NA,NO,NA,NA,Forest,2,1,Herbivore,Frugivore,Insessorial,27.68,28.85,28.35,-17.07,2531.08
617,Columba delegorguei,Columbidae,Columbiformes,AVIBASE-870E4DDA,9,5,4,0,3,21.3,11.2,3.8,4.7,21.6,173.3,62.1,110.9,35.9,111.0,133.0,Dunning,NA,NO,NA,NA,Forest,2,1,Herbivore,Frugivore,Insessorial,-31.85,4.54,-8.00,34.99,232244.08
606,Columba elphinstonii,Columbidae,Columbiformes,AVIBASE-5813ADBE,5,3,2,0,4,25.6,12.2,4.9,5.8,26.9,207.6,70.6,138.2,33.8,151.5,379.0,Dunning,NA,NO,NA,NA,Forest,2,1,Herbivore,Frugivore,Insessorial,8.28,19.89,13.04,76.17,116434.82
592,Columba eversmanni,Columbidae,Columbiformes,AVIBASE-38AA824B,5,2,3,0,4,18.9,10.6,3.8,3.9,26.4,203.6,97.5,108.8,47.2,96.0,202.0,Dunning,NA,NO,NA,NA,Desert,2,3,Herbivore,Granivore,Terrestrial,35.57,47.40,41.22,73.28,2911677.23
589,Columba guinea,Columbidae,Columbiformes,AVIBASE-A6EA9F02,9,4,5,0,4,25.0,13.3,4.1,4.9,28.8,228.3,93.2,134.2,41.0,117.8,352.0,Dunning,NA,NO,NA,NA,Shrubland,2,1,Herbivore,Granivore,Terrestrial,-34.84,18.61,1.25,20.51,10557795.16
603,Columba hodgsonii,Columbidae,Columbiformes,AVIBASE-3503F769,5,2,2,1,4,23.2,10.6,4.3,5.2,26.6,226.0,92.8,137.5,40.3,136.6,308.5,EltonTraits_GenAvg,NA,NO,NA,NA,Forest,2,1,Herbivore,Frugivore,Insessorial,18.22,39.37,29.70,98.10,2007983.93
618,Columba iriditorques,Columbidae,Columbiformes,AVIBASE-3FC9BA60,5,2,3,0,4,18.1,9.2,3.1,4.4,20.5,155.6,55.2,100.5,35.6,92.2,125.9,Dunning,NA,NO,NA,NA,Forest,2,1,Herbivore,Frugivore,Insessorial,-13.24,9.61,1.46,13.71,2757795.12
611,Columba janthina,Columbidae,Columbiformes,AVIBASE-E2209F71,4,1,3,0,4,26.6,12.7,4.8,6.0,32.7,237.8,81.3,156.5,34.2,182.0,397.0,Dunning,NA,NO,NA,NA,Forest,2,1,Herbivore,Granivore,Insessorial,24.25,36.35,30.19,129.21,6158.61
597,Columba junoniae,Columbidae,Columbiformes,AVIBASE-396E6311,4,2,2,0,4,28.3,13.8,5.1,6.2,32.9,219.0,66.0,153.1,30.1,153.2,440.0,Inferred,NA,YES,Body Mass,Columba trocaz,Forest,2,1,Herbivore,Frugivore,Insessorial,27.67,28.84,28.36,-17.57,1210.60
615,Columba leucomela,Columbidae,Columbiformes,AVIBASE-8F3CF81A,5,2,2,1,5,23.7,14.8,5.1,6.3,27.4,229.6,73.9,155.7,32.2,132.2,420.0,Dunning,NA,NO,NA,NA,Forest,2,1,Herbivore,Omnivore,Insessorial,-38.00,-14.81,-28.79,150.51,275007.14
588,Columba leuconota,Columbidae,Columbiformes,AVIBASE-F5750571,5,3,2,0,4,22.1,11.7,4.1,4.6,29.5,231.6,101.8,127.0,44.5,115.0,284.0,Dunning,NA,NO,NA,NA,Rock,3,1,Herbivore,Granivore,Terrestrial,24.14,50.67,33.65,89.40,2656832.05
586,Columba livia,Columbidae,Columbiformes,AVIBASE-BBA263C2,12,2,8,2,10,23.2,12.1,4.3,5.0,26.5,219.6,98.8,120.4,45.1,105.5,354.2,Dunning,NA,NO,NA,NA,Human Modified,3,1,Herbivore,Granivore,Terrestrial,5.92,62.40,33.52,51.08,17464191.46
619,Columba malherbii,Columbidae,Columbiformes,AVIBASE-E6393B15,5,3,2,0,4,21.1,12.5,4.2,5.1,20.9,173.0,65.0,109.2,37.3,102.8,308.5,EltonTraits_GenAvg,NA,NO,NA,NA,Forest,2,1,Herbivore,Frugivore,Insessorial,-1.46,1.70,0.43,6.72,1017.05
591,Columba oenas,Columbidae,Columbiformes,AVIBASE-68E4C0D1,13,7,6,0,4,23.2,11.8,6.8,7.8,26.4,214.8,91.6,124.2,42.5,119.4,290.8,Dunning,NA,NO,NA,NA,Woodland,3,1,Herbivore,Omnivore,Terrestrial,30.60,66.31,50.84,35.32,9272521.23
593,Columba oliviae,Columbidae,Columbiformes,AVIBASE-37B66CCF,5,2,3,0,4,22.8,11.7,3.7,4.2,26.0,201.0,87.5,114.2,43.4,100.4,308.5,EltonTraits_GenAvg,NA,NO,NA,NA,Grassland,2,1,Herbivore,Granivore,Terrestrial,7.94,11.99,10.38,48.95,24568.32
616,Columba pallidiceps,Columbidae,Columbiformes,AVIBASE-3C0E1CD4,1,1,0,0,1,28.4,17.4,7.3,6.1,29.0,232.0,92.0,140.0,39.7,125.0,459.0,Dunning,NA,NO,NA,NA,Forest,2,1,Herbivore,Omnivore,Insessorial,-10.85,-2.56,-6.19,153.54,51261.27
610,Columba palumboides,Columbidae,Columbiformes,AVIBASE-95059E5A,5,3,2,0,4,32.4,15.4,6.8,6.8,30.5,241.6,83.2,156.8,34.7,146.0,520.0,Dunning,NA,NO,NA,NA,Forest,2,1,Herbivore,Frugivore,Insessorial,6.75,14.19,11.22,92.96,7618.24
594,Columba palumbus,Columbidae,Columbiformes,AVIBASE-760F307A,14,7,7,0,4,27.8,13.1,8.0,7.8,31.5,246.4,101.4,145.0,41.2,153.2,490.0,Dunning,NA,NO,NA,NA,Woodland,2,1,Herbivore,Omnivore,Terrestrial,22.61,70.14,50.34,32.15,11947217.36
602,Columba pollenii,Columbidae,Columbiformes,AVIBASE-05BBFC8E,5,2,2,1,4,26.5,13.1,5.2,6.3,25.5,224.6,81.7,145.6,35.9,156.3,308.5,EltonTraits_GenAvg,NA,NO,NA,NA,Forest,2,1,Herbivore,Frugivore,Insessorial,-13.00,-11.36,-12.06,43.95,2057.52
605,Columba pulchricollis,Columbidae,Columbiformes,AVIBASE-6E814856,5,2,2,1,4,22.9,10.8,4.3,5.1,25.3,204.2,78.2,127.3,38.0,117.2,330.0,Dunning,NA,NO,NA,NA,Forest,3,1,Herbivore,Frugivore,Insessorial,18.32,30.43,25.51,96.29,565151.19
608,Columba punicea,Columbidae,Columbiformes,AVIBASE-D5C3E9C9,5,2,3,0,4,24.4,11.4,5.1,5.9,26.1,220.0,75.8,140.5,35.0,141.4,434.4,Dunning,NA,NO,NA,NA,Forest,2,1,Herbivore,Frugivore,Terrestrial,11.47,29.36,22.42,87.99,190345.98
587,Columba rupestris,Columbidae,Columbiformes,AVIBASE-BF20B94D,5,2,2,1,4,20.2,11.1,3.9,4.4,27.5,222.8,105.5,111.5,48.6,113.0,245.4,Dunning,NA,NO,NA,NA,Rock,3,1,Herbivore,Granivore,Terrestrial,27.66,61.57,44.45,101.90,11847809.42
600,Columba sjostedti,Columbidae,Columbiformes,AVIBASE-757ABA94,4,2,2,0,4,24.4,10.7,4.4,5.5,24.7,216.8,81.7,135.1,37.7,119.0,308.5,EltonTraits_GenAvg,NA,NO,NA,NA,Forest,2,1,Herbivore,Frugivore,Insessorial,3.29,7.64,6.05,10.44,44188.92
601,Columba thomensis,Columbidae,Columbiformes,AVIBASE-8288E54D,3,1,1,1,3,27.7,13.8,5.6,6.3,27.5,233.3,83.2,150.1,35.6,151.7,428.7,Dunning,NA,NO,NA,NA,Forest,2,1,Herbivore,Frugivore,Insessorial,0.10,0.34,0.22,6.57,322.72
607,Columba torringtoniae,Columbidae,Columbiformes,AVIBASE-EEEDA1B2,4,2,2,0,4,23.7,11.3,4.8,5.5,25.0,192.2,66.7,125.6,34.6,129.0,308.5,EltonTraits_GenAvg,NA,NO,NA,NA,Forest,2,1,Herbivore,Frugivore,Insessorial,6.20,7.62,6.98,80.77,5001.87
595,Columba trocaz,Columbidae,Columbiformes,AVIBASE-BAAC66AF,5,2,3,0,4,27.7,13.3,6.4,6.6,34.5,235.2,84.5,152.5,35.6,163.4,440.0,Dunning,NA,NO,NA,NA,Forest,2,1,Herbivore,Frugivore,Generalist,32.63,32.87,32.76,-16.99,549.16
598,Columba unicincta,Columbidae,Columbiformes,AVIBASE-1A145C89,5,2,3,0,4,24.7,12.1,4.4,5.4,26.6,211.2,81.5,130.8,38.4,122.8,389.1,Dunning,NA,NO,NA,NA,Forest,2,1,Herbivore,Frugivore,Insessorial,-11.40,8.67,0.92,16.29,2699737.73
614,Columba vitiensis,Columbidae,Columbiformes,AVIBASE-CE7203C7,5,3,2,0,4,27.4,14.0,5.7,6.4,28.8,216.4,70.3,147.0,32.3,138.0,353.0,Dunning,NA,NO,NA,NA,Forest,2,1,Herbivore,Omnivore,Insessorial,-22.47,19.58,-1.84,136.13,1128735.55
723,Columbina buckleyi,Columbidae,Columbiformes,AVIBASE-19BFB346,4,3,1,0,4,14.8,8.4,2.5,2.9,16.3,84.8,18.8,66.0,22.2,66.0,57.5,Dunning,NA,NO,NA,NA,Woodland,2,1,Herbivore,Granivore,Terrestrial,-7.03,1.30,-1.85,-79.79,82687.64
726,Columbina cruziana,Columbidae,Columbiformes,AVIBASE-E981792A,5,2,3,0,4,15.1,10.2,3.1,3.4,16.7,86.6,20.5,64.5,24.0,61.6,50.1,Dunning,NA,NO,NA,NA,Human Modified,3,1,Herbivore,Granivore,Terrestrial,-20.21,3.00,-8.14,-77.44,334307.94
727,Columbina cyanopis,Columbidae,Columbiformes,AVIBASE-C6FA453A,3,1,2,0,1,10.6,6.0,2.4,2.5,15.2,67.5,13.0,53.0,19.7,64.0,45.6,EltonTraits_GenAvg,NA,NO,NA,NA,Grassland,2,1,Herbivore,Granivore,Terrestrial,-17.17,-16.82,-17.00,-43.04,552.52
719,Columbina inca,Columbidae,Columbiformes,AVIBASE-BFE74235,10,4,5,1,4,16.1,7.1,3.5,3.8,15.5,92.5,24.2,69.0,26.0,88.7,47.5,Dunning,NA,NO,NA,NA,Human Modified,3,1,Herbivore,Granivore,Terrestrial,8.71,36.86,26.18,-102.15,2760667.85
722,Columbina minuta,Columbidae,Columbiformes,AVIBASE-37691FA2,26,7,9,10,4,12.4,7.1,2.4,3.0,15.5,76.0,14.8,64.6,18.7,52.4,32.6,Dunning,NA,NO,NA,NA,Shrubland,2,1,Herbivore,Granivore,Terrestrial,-28.07,20.11,-8.23,-55.16,7050160.84
721,Columbina passerina,Columbidae,Columbiformes,AVIBASE-F9AED548,18,10,7,1,4,13.9,8.2,2.5,3.2,15.2,81.6,21.6,63.6,25.4,59.6,35.4,Dunning,NA,NO,NA,NA,Shrubland,2,1,Herbivore,Omnivore,Terrestrial,-19.03,35.29,8.64,-71.22,7241733.36
725,Columbina picui,Columbidae,Columbiformes,AVIBASE-C5E145EC,10,4,5,1,3,15.0,8.8,3.2,4.2,13.5,87.9,17.8,70.5,20.1,72.2,47.0,Dunning,NA,NO,NA,NA,Human Modified,3,3,Herbivore,Granivore,Terrestrial,-43.46,-2.73,-23.34,-58.64,5736046.33
720,Columbina squammata,Columbidae,Columbiformes,AVIBASE-26085D75,10,1,8,1,4,15.7,9.3,2.8,3.6,15.8,95.0,19.8,74.5,20.9,90.7,52.9,Dunning,NA,NO,NA,NA,Human Modified,3,1,Herbivore,Granivore,Terrestrial,-27.98,12.46,-11.81,-50.40,4814670.86
724,Columbina talpacoti,Columbidae,Columbiformes,AVIBASE-ADD11A5F,66,15,32,19,4,14.2,8.3,3.1,3.6,16.4,86.8,17.7,70.1,19.9,65.8,46.0,Dunning,NA,NO,NA,NA,Human Modified,3,2,Herbivore,Granivore,Terrestrial,-35.43,28.04,-7.62,-60.71,14617238.71
949,Cryptophaps poecilorrhoa,Columbidae,Columbiformes,AVIBASE-86420547,3,1,2,0,3,26.3,11.2,6.4,5.7,35.1,231.3,65.6,165.7,28.4,192.3,467.0,EltonTraits_Model,NA,NO,NA,NA,Forest,1,1,Herbivore,Frugivore,Insessorial,-5.49,1.71,-1.57,121.11,97468.24
788,Didunculus strigirostris,Columbidae,Columbiformes,AVIBASE-987DE55E,4,1,1,2,4,22.6,17.1,10.2,15.2,38.7,188.0,56.5,131.5,30.1,99.5,400.0,Dunning,NA,NO,NA,NA,Forest,1,1,Herbivore,Frugivore,Insessorial,-14.02,-13.48,-13.72,-172.22,1235.53
897,Drepanoptila holosericea,Columbidae,Columbiformes,AVIBASE-91E82CA2,5,2,3,0,4,17.8,8.0,3.7,4.4,26.7,148.0,29.8,115.8,20.5,79.2,215.0,Dunning,NA,NO,NA,NA,Forest,2,1,Herbivore,Frugivore,Insessorial,-22.68,-20.09,-21.34,165.50,16533.09
842,Ducula aenea,Columbidae,Columbiformes,AVIBASE-D1E845C5,15,7,8,0,15,30.4,16.3,8.1,6.9,30.2,240.0,74.6,165.4,31.1,143.2,545.0,Dunning,NA,NO,NA,NA,Forest,1,1,Herbivore,Frugivore,Insessorial,-10.32,28.15,12.16,102.13,5136924.07
849,Ducula aurorae,Columbidae,Columbiformes,AVIBASE-ED21D49D,4,2,2,0,4,27.0,14.7,6.6,6.3,31.1,234.0,73.2,160.8,31.3,145.5,507.2,EltonTraits_GenAvg,NA,NO,NA,NA,Forest,2,1,Herbivore,Frugivore,Insessorial,-15.87,-15.80,-15.84,-148.26,25.10
873,Ducula badia,Columbidae,Columbiformes,AVIBASE-16E10A30,9,4,4,1,8,27.4,13.8,6.7,5.8,29.3,232.2,67.2,165.2,28.9,170.8,486.0,Dunning,NA,NO,NA,NA,Forest,2,1,Herbivore,Frugivore,Insessorial,-6.96,29.19,11.81,103.60,2976050.68
865,Ducula bakeri,Columbidae,Columbiformes,AVIBASE-E5C4225B,3,1,1,1,3,23.5,15.2,5.8,5.0,31.1,205.7,54.3,151.4,26.4,140.7,394.0,Dunning,NA,NO,NA,NA,Forest,2,1,Herbivore,Frugivore,Insessorial,-16.38,-13.48,-15.30,167.51,4126.49
855,Ducula basilica,Columbidae,Columbiformes,AVIBASE-8FCE398B,4,1,1,2,4,25.7,14.4,7.4,6.1,30.4,204.2,58.8,145.5,28.8,119.2,507.2,EltonTraits_GenAvg,NA,NO,NA,NA,Forest,2,1,Herbivore,Frugivore,Insessorial,-0.92,2.65,0.87,128.00,22924.77
876,Ducula bicolor,Columbidae,Columbiformes,AVIBASE-61DC1C21,8,4,4,0,7,27.4,13.5,6.2,6.3,29.5,226.2,82.8,143.5,36.7,128.3,440.0,Dunning,NA,NO,NA,NA,Forest,2,2,Herbivore,Frugivore,Insessorial,-8.78,20.51,2.73,114.93,626352.20
864,Ducula brenchleyi,Columbidae,Columbiformes,AVIBASE-C7FDE047,5,0,2,3,4,28.9,13.8,6.1,5.5,29.9,216.2,80.3,135.9,37.2,112.6,380.0,Dunning,NA,NO,NA,NA,Forest,2,1,Herbivore,Frugivore,Insessorial,-10.83,-8.32,-9.64,160.81,10822.88
841,Ducula carola,Columbidae,Columbiformes,AVIBASE-0A96A8F5,5,1,2,2,4,25.1,12.9,6.0,5.6,25.9,209.2,76.0,132.2,36.5,120.2,289.0,Dunning,NA,NO,NA,NA,Forest,1,1,Herbivore,Frugivore,Insessorial,5.56,18.65,12.01,122.92,222701.31
858,Ducula chalconota,Columbidae,Columbiformes,AVIBASE-1A397CE8,5,2,2,1,4,27.0,13.3,6.1,5.4,32.5,211.8,55.5,157.5,26.0,144.8,502.0,Dunning,NA,NO,NA,NA,Forest,2,1,Herbivore,Frugivore,Insessorial,-10.21,-0.44,-5.27,141.80,165349.32
875,Ducula cineracea,Columbidae,Columbiformes,AVIBASE-29227A7D,4,1,0,3,4,27.6,11.3,5.3,5.6,29.4,214.8,59.6,155.2,27.8,149.8,507.2,EltonTraits_GenAvg,NA,NO,NA,NA,Forest,2,1,Herbivore,Frugivore,Insessorial,-10.06,-7.63,-8.94,125.36,3484.29
846,Ducula concinna,Columbidae,Columbiformes,AVIBASE-D3D367E9,5,2,3,0,4,31.4,17.0,8.1,8.2,35.6,276.4,89.0,189.0,32.0,172.6,804.7,Dunning,NA,NO,NA,NA,Forest,2,1,Herbivore,Frugivore,Insessorial,-8.35,4.55,-5.26,129.98,10909.95
872,Ducula cuprea,Columbidae,Columbiformes,AVIBASE-A938A06D,3,2,1,0,3,24.7,16.7,8.0,7.2,26.2,227.9,60.9,167.0,26.7,156.5,486.0,DataFromSplit,NA,NO,NA,NA,Forest,2,1,Herbivore,Frugivore,Insessorial,8.20,16.16,11.77,75.98,75660.33
857,Ducula finschii,Columbidae,Columbiformes,AVIBASE-CEA2177E,4,2,2,0,4,25.0,14.8,6.1,6.4,28.4,201.1,59.7,141.3,29.6,120.8,343.9,Dunning,NA,NO,NA,NA,Forest,2,1,Herbivore,Frugivore,Insessorial,-6.29,-2.34,-5.08,150.91,38730.12
838,Ducula forsteni,Columbidae,Columbiformes,AVIBASE-E137A724,5,1,1,3,4,28.4,14.2,6.1,6.8,33.2,240.4,68.5,169.2,28.8,181.2,510.0,Dunning,NA,NO,NA,NA,Forest,2,1,Herbivore,Frugivore,Insessorial,-5.70,1.76,-1.67,121.29,145694.29
850,Ducula galeata,Columbidae,Columbiformes,AVIBASE-2B8F92F2,4,2,1,1,4,45.5,18.6,8.6,8.6,45.1,294.2,95.9,198.4,32.8,199.2,605.0,Updated_literature,Dunning (2021),NO,NA,NA,Forest,2,1,Herbivore,Frugivore,Insessorial,-8.94,-8.85,-8.88,-140.13,32.52
853,Ducula geelvinkiana,Columbidae,Columbiformes,AVIBASE-5866B8A1,3,1,2,0,3,29.8,18.3,9.5,9.2,32.1,241.5,79.1,162.5,32.8,132.7,535.0,DataFromSplit,NA,NO,NA,NA,Forest,2,1,Herbivore,Frugivore,Insessorial,-1.53,-0.63,-0.96,135.76,2953.00
866,Ducula goliath,Columbidae,Columbiformes,AVIBASE-C9742D0B,4,1,3,0,4,40.8,19.8,7.4,7.4,39.4,293.2,83.7,209.6,28.5,197.0,600.0,Dunning,NA,NO,NA,NA,Forest,2,1,Herbivore,Frugivore,Insessorial,-22.70,-20.09,-21.34,165.50,16547.11
874,Ducula lacernulata,Columbidae,Columbiformes,AVIBASE-DE801C89,4,2,0,2,4,29.6,14.3,6.6,6.2,28.2,208.0,53.7,154.3,25.8,148.5,150.0,EltonTraits_Model,NA,NO,NA,NA,Forest,2,1,Herbivore,Frugivore,Insessorial,-9.11,-6.45,-7.93,113.78,68766.83
863,Ducula latrans,Columbidae,Columbiformes,AVIBASE-F834A4DD,4,2,2,0,4,35.3,16.7,6.6,6.1,32.2,230.8,66.9,163.8,29.0,158.3,365.1,EltonTraits_Model,NA,NO,NA,NA,Forest,2,1,Herbivore,Frugivore,Insessorial,-19.20,-15.71,-17.44,165.34,18045.38
879,Ducula luctuosa,Columbidae,Columbiformes,AVIBASE-86B2EAA5,5,2,1,2,2,30.8,17.4,7.1,7.2,31.4,242.4,74.4,166.1,31.0,157.9,410.0,Updated_literature,Dunning (2021),NO,NA,NA,Woodland,2,1,Herbivore,Frugivore,Insessorial,-5.70,1.88,-2.02,121.20,145005.34
869,Ducula melanochroa,Columbidae,Columbiformes,AVIBASE-231207AB,3,1,2,0,3,29.3,16.9,7.7,7.4,33.5,243.0,77.1,165.9,31.7,158.0,665.0,Dunning,NA,NO,NA,NA,Forest,2,1,Herbivore,Frugivore,Insessorial,-6.29,-2.70,-5.19,150.92,36132.41
839,Ducula mindorensis,Columbidae,Columbiformes,AVIBASE-A9994B26,2,0,1,1,2,24.9,13.6,7.6,6.6,30.9,230.0,63.5,166.4,27.6,164.7,507.2,EltonTraits_GenAvg,NA,NO,NA,NA,Forest,2,1,Herbivore,Frugivore,Insessorial,12.55,13.47,13.06,121.06,1211.40
870,Ducula mullerii,Columbidae,Columbiformes,AVIBASE-03BCD297,6,3,2,1,5,28.4,15.7,7.8,7.2,31.1,233.0,63.4,170.8,27.1,138.2,574.9,Dunning,NA,NO,NA,NA,Forest,2,1,Herbivore,Frugivore,Insessorial,-9.33,-1.47,-6.35,140.66,281060.32
852,Ducula myristicivora,Columbidae,Columbiformes,AVIBASE-83E8AEB2,4,4,0,0,4,29.7,17.0,9.0,7.1,34.1,250.8,81.5,169.2,32.5,136.5,535.0,Dunning,NA,NO,NA,NA,Forest,2,1,Herbivore,Frugivore,Insessorial,-2.06,0.04,-0.90,130.60,7545.93
845,Ducula neglecta,Columbidae,Columbiformes,AVIBASE-E80F617D,4,2,1,1,4,30.5,15.5,8.0,6.8,37.4,254.0,82.8,171.2,32.6,150.8,667.0,DataFromSplit,NA,NO,NA,NA,Forest,2,1,Herbivore,Frugivore,Insessorial,-3.88,-2.78,-3.22,129.38,18494.39
856,Ducula obiensis,Columbidae,Columbiformes,AVIBASE-AAC23740,4,2,2,0,4,28.7,17.4,7.8,7.3,31.0,213.4,64.7,148.7,30.3,130.7,507.2,EltonTraits_GenAvg,NA,NO,NA,NA,Forest,2,1,Herbivore,Frugivore,Insessorial,-1.74,-1.33,-1.57,127.73,2546.22
848,Ducula oceanica,Columbidae,Columbiformes,AVIBASE-069F34CF,4,0,0,4,4,24.5,13.6,6.2,6.3,31.3,214.8,58.0,156.8,27.0,145.2,371.5,Dunning,NA,NO,NA,NA,Forest,2,1,Herbivore,Frugivore,Insessorial,-1.56,9.64,6.48,150.81,1327.13
843,Ducula oenothorax,Columbidae,Columbiformes,AVIBASE-16485EEB,2,2,0,0,2,26.6,16.1,9.1,7.2,33.6,238.3,68.0,170.4,28.5,123.1,545.0,DataFromSplit,NA,NO,NA,NA,Forest,1,1,Herbivore,Frugivore,Insessorial,-5.52,-5.29,-5.40,102.26,400.06
847,Ducula pacifica,Columbidae,Columbiformes,AVIBASE-2081777C,5,2,3,0,4,27.9,16.3,7.4,7.6,36.7,244.4,79.8,166.5,32.5,160.2,394.2,Dunning,NA,NO,NA,NA,Forest,2,1,Herbivore,Frugivore,Insessorial,-22.71,-0.88,-16.84,106.36,29576.66
844,Ducula perspicillata,Columbidae,Columbiformes,AVIBASE-1F49D2C5,4,2,2,0,4,31.5,16.6,8.3,7.4,32.8,251.8,83.0,168.8,33.0,159.5,667.0,Dunning,NA,NO,NA,NA,Forest,2,1,Herbivore,Frugivore,Insessorial,-3.84,2.65,-0.40,127.65,34605.55
862,Ducula pickeringii,Columbidae,Columbiformes,AVIBASE-9EC10FC3,5,1,0,4,4,25.9,14.2,6.9,6.6,31.4,232.0,73.0,158.8,31.5,152.2,377.0,Updated_literature,Dunning (2021),NO,NA,NA,Forest,2,2,Herbivore,Frugivore,Insessorial,2.12,9.67,5.40,122.20,3060.90
867,Ducula pinon,Columbidae,Columbiformes,AVIBASE-26098F7A,7,3,4,0,6,36.1,21.4,9.1,8.0,34.6,259.4,77.6,180.9,30.0,141.6,756.0,Dunning,NA,NO,NA,NA,Forest,2,1,Herbivore,Frugivore,Insessorial,-10.72,0.04,-5.35,140.99,635132.32
859,Ducula pistrinaria,Columbidae,Columbiformes,AVIBASE-FF2005EB,5,3,2,0,4,30.1,16.5,8.4,6.8,32.1,239.8,71.0,171.0,29.3,145.4,515.0,Dunning,NA,NO,NA,NA,Forest,2,1,Herbivore,Frugivore,Insessorial,-10.91,-1.32,-6.30,153.89,85422.33
837,Ducula poliocephala,Columbidae,Columbiformes,AVIBASE-31042F32,5,2,3,0,4,29.3,13.5,6.4,6.0,30.0,212.0,63.4,149.9,29.8,149.8,555.0,Dunning,NA,NO,NA,NA,Forest,2,1,Herbivore,Frugivore,Insessorial,5.05,18.65,11.87,123.09,266333.85
840,Ducula radiata,Columbidae,Columbiformes,AVIBASE-C7729D54,5,1,1,3,4,23.7,12.1,5.7,4.9,26.2,204.2,66.2,137.2,32.6,137.0,295.0,Dunning,NA,NO,NA,NA,Forest,1,1,Herbivore,Frugivore,Insessorial,-5.58,1.76,-1.90,121.16,154747.93
860,Ducula rosacea,Columbidae,Columbiformes,AVIBASE-EED4B6F5,4,2,2,0,4,27.5,14.7,6.3,5.9,33.8,229.0,74.8,154.2,32.6,141.5,385.6,Dunning,NA,NO,NA,NA,Forest,2,1,Herbivore,Frugivore,Insessorial,-11.00,2.29,-8.46,124.60,61035.43
851,Ducula rubricera,Columbidae,Columbiformes,AVIBASE-D03EA6BA,5,2,3,0,4,30.6,18.2,8.1,7.0,34.1,238.8,79.0,160.0,33.0,128.6,652.0,Dunning,NA,NO,NA,NA,Forest,2,1,Herbivore,Frugivore,Insessorial,-10.91,-2.34,-6.31,153.92,72417.84
854,Ducula rufigaster,Columbidae,Columbiformes,AVIBASE-18C4B783,8,2,6,0,8,27.8,13.4,6.3,5.9,31.0,196.6,54.3,142.4,27.6,109.0,436.0,Dunning,NA,NO,NA,NA,Forest,2,1,Herbivore,Frugivore,Insessorial,-10.73,0.04,-5.32,140.93,670937.24
868,Ducula salvadorii,Columbidae,Columbiformes,AVIBASE-32DCE1CF,4,2,2,0,4,29.4,19.0,8.1,7.2,32.0,248.9,77.8,171.2,31.2,135.3,756.0,DataFromSplit,NA,NO,NA,NA,Forest,2,1,Herbivore,Frugivore,Insessorial,-11.66,-9.20,-10.21,151.70,3359.37
877,Ducula spilorrhoa,Columbidae,Columbiformes,AVIBASE-A251CB8F,4,2,2,0,4,27.4,14.5,7.0,6.8,32.1,241.2,79.7,161.6,33.0,141.5,464.0,Updated_literature,BoW,NO,NA,NA,Forest,2,1,Herbivore,Frugivore,Insessorial,-21.96,-0.63,-11.43,139.12,518577.49
878,Ducula subflavescens,Columbidae,Columbiformes,AVIBASE-E3B13C16,4,1,1,2,4,32.5,16.6,7.1,5.9,32.9,235.0,91.3,143.7,38.9,117.5,440.0,Dunning,NA,NO,NA,NA,Forest,2,1,Herbivore,Frugivore,Insessorial,-6.31,-1.96,-5.01,150.62,47143.93
861,Ducula whartoni,Columbidae,Columbiformes,AVIBASE-DDC4CBBB,5,1,4,0,4,28.2,14.6,6.6,6.0,35.3,251.0,72.2,179.2,28.8,170.6,571.2,Dunning,NA,NO,NA,NA,Forest,2,1,Herbivore,Frugivore,Insessorial,-10.58,-10.42,-10.49,105.64,137.18
871,Ducula zoeae,Columbidae,Columbiformes,AVIBASE-7656697A,5,2,3,0,4,31.0,14.8,6.0,6.1,32.0,219.8,56.9,162.3,26.0,127.8,568.0,Dunning,NA,NO,NA,NA,Forest,2,1,Herbivore,Frugivore,Insessorial,-10.72,-0.34,-5.37,140.95,706706.05
740,Gallicolumba crinigera,Columbidae,Columbiformes,AVIBASE-F868CF77,4,2,2,0,4,20.3,10.3,3.1,4.5,36.1,150.2,43.0,107.2,28.6,97.2,192.2,Dunning,NA,NO,NA,NA,Forest,1,1,Herbivore,Omnivore,Terrestrial,5.56,12.59,8.25,124.83,94066.40
742,Gallicolumba keayi,Columbidae,Columbiformes,AVIBASE-A5C58F88,2,1,1,0,2,21.9,9.2,3.4,4.8,35.0,139.2,45.6,93.6,32.8,77.7,190.5,Updated_literature,Dunning (2021),NO,NA,NA,Forest,1,1,Herbivore,Omnivore,Terrestrial,9.04,11.94,10.58,122.74,24352.06
739,Gallicolumba luzonica,Columbidae,Columbiformes,AVIBASE-804BBC8C,8,4,3,1,8,20.7,8.8,2.9,4.2,32.5,142.7,39.0,103.6,27.4,80.7,196.0,Dunning,NA,NO,NA,NA,Forest,1,1,Herbivore,Omnivore,Terrestrial,12.54,18.65,15.91,121.47,107374.52
743,Gallicolumba menagei,Columbidae,Columbiformes,AVIBASE-521FCF00,2,0,1,1,2,23.4,10.4,3.5,5.2,34.6,158.5,47.9,110.7,30.2,97.5,196.0,EltonTraits_Model,NA,NO,NA,NA,Forest,1,1,Herbivore,Omnivore,Terrestrial,5.05,5.35,5.20,120.05,585.50
741,Gallicolumba platenae,Columbidae,Columbiformes,AVIBASE-6505921E,6,1,3,2,6,19.9,9.8,4.2,5.3,35.0,153.1,42.2,110.8,27.6,98.4,196.0,EltonTraits_Model,NA,NO,NA,NA,Forest,1,1,Herbivore,Omnivore,Terrestrial,12.66,13.49,13.21,121.13,475.23
745,Gallicolumba rufigula,Columbidae,Columbiformes,AVIBASE-B4901E1B,5,2,3,0,4,18.8,8.4,2.6,3.7,31.3,129.8,36.8,92.5,28.4,75.2,130.0,Dunning,NA,NO,NA,NA,Forest,1,1,Herbivore,Omnivore,Terrestrial,-10.73,-0.01,-5.33,140.81,731477.39
744,Gallicolumba tristigmata,Columbidae,Columbiformes,AVIBASE-F991F61F,4,3,1,0,3,22.6,9.7,4.7,4.9,43.0,159.3,41.2,118.1,25.8,108.0,275.0,Dunning,NA,NO,NA,NA,Forest,1,1,Herbivore,Omnivore,Terrestrial,-5.71,1.76,-2.09,121.15,171123.30
769,Geopelia cuneata,Columbidae,Columbiformes,AVIBASE-4A80DFC5,5,2,3,0,4,12.8,6.3,2.2,2.4,13.8,89.2,31.8,57.5,35.6,100.4,31.6,Dunning,NA,NO,NA,NA,Grassland,2,1,Herbivore,Granivore,Terrestrial,-36.58,-10.69,-23.58,135.10,5703540.33
773,Geopelia humeralis,Columbidae,Columbiformes,AVIBASE-A39F91F0,5,2,3,0,4,19.3,10.0,3.4,3.6,22.6,138.2,41.5,96.0,30.2,134.0,128.4,Dunning,NA,NO,NA,NA,Woodland,2,1,Herbivore,Granivore,Terrestrial,-36.44,-6.44,-21.08,140.40,2758465.78
772,Geopelia maugeus,Columbidae,Columbiformes,AVIBASE-745E4C3D,5,3,2,0,5,15.0,7.9,2.7,2.9,18.5,100.4,30.8,69.6,30.7,102.2,56.6,Inferred,NA,YES,Body Mass,Geopelia striata,Woodland,2,1,Herbivore,Granivore,Terrestrial,-10.94,-5.27,-8.87,122.95,85270.16
771,Geopelia placida,Columbidae,Columbiformes,AVIBASE-8DF7FC3F,6,2,4,0,5,13.6,7.4,2.4,2.8,15.2,99.0,32.8,66.0,33.2,89.7,47.8,Dunning,NA,NO,NA,NA,Woodland,2,1,Herbivore,Granivore,Terrestrial,-39.24,-4.45,-24.38,137.77,5572643.25
770,Geopelia striata,Columbidae,Columbiformes,AVIBASE-91C3A5E9,5,2,3,0,4,17.2,7.6,2.5,2.9,15.5,97.0,27.1,70.6,27.7,95.0,56.6,Dunning,NA,NO,NA,NA,Woodland,2,1,Herbivore,Granivore,Terrestrial,-8.96,18.65,2.77,107.92,1047872.82
762,Geophaps plumifera,Columbidae,Columbiformes,AVIBASE-FFEE836B,9,4,5,0,8,16.8,10.5,4.5,5.7,20.4,106.7,30.9,75.1,29.2,68.1,94.3,Dunning,NA,NO,NA,NA,Grassland,3,2,Herbivore,Granivore,Terrestrial,-28.15,-13.85,-21.83,130.75,1860384.76
763,Geophaps scripta,Columbidae,Columbiformes,AVIBASE-AD62DDA5,5,2,2,1,4,19.8,9.7,4.5,5.1,28.8,140.6,37.6,101.7,27.0,105.8,221.4,Dunning,NA,NO,NA,NA,Woodland,2,2,Herbivore,Granivore,Terrestrial,-29.13,-13.64,-22.25,146.85,953627.90
764,Geophaps smithii,Columbidae,Columbiformes,AVIBASE-888803D1,5,2,3,0,4,20.2,11.1,5.2,6.1,29.6,132.8,31.7,99.1,24.3,81.4,194.0,Dunning,NA,NO,NA,NA,Forest,1,2,Herbivore,Granivore,Terrestrial,-16.14,-11.09,-13.23,130.59,47102.86
686,Geotrygon caniceps,Columbidae,Columbiformes,AVIBASE-947E8D75,5,1,2,2,5,21.4,7.9,3.0,4.6,35.2,148.6,43.8,104.8,29.5,89.4,192.0,Dunning,NA,NO,NA,NA,Forest,1,1,Omnivore,Omnivore,Terrestrial,19.83,23.01,21.00,-77.56,23265.89
690,Geotrygon chrysia,Columbidae,Columbiformes,AVIBASE-913CBCDF,4,2,2,0,4,23.9,9.2,3.0,4.2,30.2,152.8,49.4,103.4,32.3,92.0,169.0,Dunning,NA,NO,NA,NA,Woodland,1,1,Herbivore,Omnivore,Terrestrial,17.54,26.93,20.67,-75.55,207769.78
687,Geotrygon leucometopia,Columbidae,Columbiformes,AVIBASE-6200936B,4,1,3,0,4,20.2,7.7,2.8,3.9,34.3,151.5,48.6,102.9,32.0,81.0,192.0,DataFromSplit,NA,NO,NA,NA,Forest,1,1,Omnivore,Omnivore,Terrestrial,18.02,19.31,18.87,-71.00,4828.19
688,Geotrygon montana,Columbidae,Columbiformes,AVIBASE-4817EC01,37,11,23,3,12,19.5,9.0,3.5,4.4,26.9,136.5,36.7,99.2,27.1,76.3,133.9,Dunning,NA,NO,NA,NA,Forest,1,1,Herbivore,Omnivore,Terrestrial,-32.04,24.36,-5.71,-59.94,13251114.74
691,Geotrygon mystacea,Columbidae,Columbiformes,AVIBASE-CA7BC4DA,4,1,2,1,4,26.6,9.9,3.2,5.1,34.1,162.0,46.6,115.4,28.8,88.2,211.0,Dunning,NA,NO,NA,NA,Woodland,1,1,Omnivore,Omnivore,Terrestrial,13.70,18.52,17.30,-64.67,13979.55
683,Geotrygon purpurata,Columbidae,Columbiformes,AVIBASE-B18C3C10,4,2,2,0,4,20.6,10.1,3.2,4.2,35.7,134.2,35.2,99.0,26.3,65.0,129.0,Updated_literature,Dunning (2021),NO,NA,NA,Forest,1,1,Omnivore,Omnivore,Terrestrial,-0.13,5.76,2.23,-77.89,57184.69
684,Geotrygon saphirina,Columbidae,Columbiformes,AVIBASE-B6C1516E,6,1,3,2,6,19.4,8.7,3.4,3.8,35.3,136.3,39.8,96.5,29.2,63.1,203.0,Dunning,NA,NO,NA,NA,Forest,1,1,Omnivore,Omnivore,Terrestrial,-13.95,1.29,-3.56,-73.49,569182.48
685,Geotrygon versicolor,Columbidae,Columbiformes,AVIBASE-CA19EB97,4,0,2,2,4,24.7,9.9,3.8,5.0,35.6,155.8,45.6,110.2,29.3,88.2,225.0,Dunning,NA,NO,NA,NA,Forest,1,1,Herbivore,Omnivore,Terrestrial,17.70,18.53,18.16,-77.31,11021.79
689,Geotrygon violacea,Columbidae,Columbiformes,AVIBASE-39197875,9,2,5,2,6,19.6,8.0,2.5,4.2,26.4,143.4,47.8,95.7,33.3,86.7,95.2,Dunning,NA,NO,NA,NA,Forest,1,1,Herbivore,Omnivore,Terrestrial,-27.29,13.96,-14.52,-55.96,1490404.57
780,Goura cristata,Columbidae,Columbiformes,AVIBASE-556137A4,4,2,2,0,4,43.3,27.8,8.5,9.5,101.2,355.5,62.5,293.0,17.6,260.0,2000.0,Dunning,NA,NO,NA,NA,Forest,2,1,Herbivore,Omnivore,Terrestrial,-4.30,-0.01,-2.38,133.22,80538.98
782,Goura scheepmakeri,Columbidae,Columbiformes,AVIBASE-6551B257,4,2,2,0,4,46.9,29.2,8.1,8.8,89.8,354.5,60.8,293.8,17.1,266.8,2235.0,Dunning,NA,NO,NA,NA,Forest,2,1,Herbivore,Omnivore,Terrestrial,-10.50,-7.51,-9.39,147.87,15689.12
781,Goura sclaterii,Columbidae,Columbiformes,AVIBASE-9965E32D,4,2,2,0,4,50.0,27.9,8.5,9.6,93.5,359.0,68.8,290.2,19.1,263.9,2235.0,DataFromSplit,NA,NO,NA,NA,Forest,2,1,Herbivore,Omnivore,Terrestrial,-9.07,-4.26,-6.47,141.04,192114.76
783,Goura victoria,Columbidae,Columbiformes,AVIBASE-EAA06956,4,2,2,0,4,45.9,28.7,8.1,9.0,90.2,350.5,66.2,284.2,18.9,258.2,2384.0,Dunning,NA,NO,NA,NA,Forest,2,1,Herbivore,Frugivore,Terrestrial,-9.82,-0.63,-3.28,140.72,116530.35
950,Gymnophaps albertisii,Columbidae,Columbiformes,AVIBASE-B7440FF2,4,2,2,0,4,23.1,10.7,4.8,5.7,24.6,200.2,75.0,125.2,37.5,148.2,259.0,Dunning,NA,NO,NA,NA,Forest,1,1,Herbivore,Frugivore,Insessorial,-10.77,-0.25,-4.89,141.62,535761.11
952,Gymnophaps mada,Columbidae,Columbiformes,AVIBASE-534A2A6A,4,2,2,0,4,26.6,11.7,5.1,5.4,27.0,216.5,71.0,145.5,32.8,164.5,334.0,Dunning,NA,NO,NA,NA,Forest,1,1,Herbivore,Frugivore,Insessorial,-3.84,-3.10,-3.47,126.56,6316.85
953,Gymnophaps solomonensis,Columbidae,Columbiformes,AVIBASE-42F486DA,2,1,1,0,2,25.1,12.2,6.2,6.8,28.3,215.0,74.0,141.1,34.5,159.5,335.0,Dunning,NA,NO,NA,NA,Forest,2,1,Herbivore,Frugivore,Insessorial,-9.87,-5.63,-7.86,157.91,6241.28
951,Gymnophaps stalkeri,Columbidae,Columbiformes,AVIBASE-8A28C238,1,0,1,0,1,25.9,11.6,7.1,4.5,25.8,202.0,67.2,134.8,33.3,146.0,334.0,Updated_literature,Dunning (2021),NO,NA,NA,Forest,1,1,Herbivore,Frugivore,Insessorial,-3.88,-2.78,-3.20,129.46,17400.44
948,Hemiphaga chathamensis,Columbidae,Columbiformes,AVIBASE-1819B63F,4,0,1,3,4,33.1,15.5,8.0,9.1,38.8,272.0,83.9,188.1,30.8,195.5,789.0,Updated_literature,Dunning (2021),NO,NA,NA,Forest,2,1,Herbivore,Frugivore,Insessorial,-44.36,-43.70,-43.94,-176.53,790.40
947,Hemiphaga novaeseelandiae,Columbidae,Columbiformes,AVIBASE-335C2C80,8,3,4,1,4,29.6,13.0,5.9,6.0,34.5,256.6,81.4,175.2,31.7,193.2,653.0,Dunning,NA,NO,NA,NA,Forest,2,1,Herbivore,Frugivore,Insessorial,-47.29,-34.39,-41.10,173.06,207708.89
737,Henicophaps albifrons,Columbidae,Columbiformes,AVIBASE-A91318C0,5,2,3,0,4,36.0,22.4,7.1,8.5,32.9,192.6,52.8,139.0,27.5,139.4,247.0,Dunning,NA,NO,NA,NA,Forest,3,1,Omnivore,Omnivore,Terrestrial,-10.73,0.04,-5.33,140.76,768903.29
738,Henicophaps foersteri,Columbidae,Columbiformes,AVIBASE-0165D38B,1,1,0,0,1,34.3,20.7,6.4,8.6,34.5,203.0,52.3,150.7,25.8,135.0,247.0,EltonTraits_GenAvg,NA,NO,NA,NA,Forest,3,1,Omnivore,Omnivore,Terrestrial,-6.31,-4.14,-5.46,150.63,31332.27
699,Leptotila battyi,Columbidae,Columbiformes,AVIBASE-CC39ED20,1,1,0,0,1,19.5,9.8,2.5,3.3,30.0,135.0,39.0,96.0,28.9,91.0,160.6,Dunning,NA,NO,NA,NA,Forest,1,1,Herbivore,Granivore,Terrestrial,7.22,7.79,7.49,-81.03,1791.99
695,Leptotila cassinii,Columbidae,Columbiformes,AVIBASE-34B0DFFA,13,5,6,2,6,17.9,8.8,3.4,3.9,29.9,132.3,31.8,100.8,24.0,86.1,159.0,Dunning,NA,NO,NA,NA,Forest,1,1,Herbivore,Granivore,Terrestrial,5.54,17.68,11.76,-83.02,314249.82
696,Leptotila conoveri,Columbidae,Columbiformes,AVIBASE-52700241,2,1,1,0,2,20.6,9.1,2.8,3.5,31.6,136.0,32.0,103.9,23.6,90.8,153.5,Updated_literature,Dunning (2021),NO,NA,NA,Forest,1,1,Herbivore,Granivore,Terrestrial,1.81,4.93,3.51,-75.57,2812.53
694,Leptotila jamaicensis,Columbidae,Columbiformes,AVIBASE-401B5C83,5,0,0,5,4,21.8,11.5,3.0,3.9,28.8,147.0,44.5,99.2,31.0,95.6,165.0,Dunning,NA,NO,NA,NA,Shrubland,1,1,Herbivore,Granivore,Terrestrial,12.49,21.61,19.35,-87.45,92155.91
703,Leptotila megalura,Columbidae,Columbiformes,AVIBASE-BAB92B27,8,2,4,2,4,20.2,10.2,3.2,4.4,30.8,150.2,39.2,111.0,26.1,112.6,218.0,Dunning,NA,NO,NA,NA,Forest,1,1,Herbivore,Granivore,Terrestrial,-30.03,-14.42,-21.62,-65.27,147285.79
697,Leptotila ochraceiventris,Columbidae,Columbiformes,AVIBASE-597CE4E8,4,2,2,0,4,21.2,9.2,3.1,3.8,31.3,132.4,33.5,99.0,25.3,96.2,146.0,Dunning,NA,NO,NA,NA,Forest,1,2,Herbivore,Granivore,Generalist,-5.94,-1.56,-3.76,-79.91,6446.42
702,Leptotila pallida,Columbidae,Columbiformes,AVIBASE-D4CDB0EA,4,2,1,1,4,20.4,10.9,3.4,3.9,30.3,136.2,34.1,102.1,25.1,93.0,122.8,Dunning,NA,NO,NA,NA,Forest,1,1,Herbivore,Granivore,Terrestrial,-4.06,5.80,0.80,-78.81,117295.45
698,Leptotila plumbeiceps,Columbidae,Columbiformes,AVIBASE-41E03340,6,2,4,0,4,20.6,6.5,2.9,4.2,31.0,141.0,37.1,101.6,26.8,98.2,170.0,Dunning,NA,NO,NA,NA,Forest,1,1,Herbivore,Granivore,Terrestrial,2.56,23.46,16.68,-90.32,360918.88
700,Leptotila rufaxilla,Columbidae,Columbiformes,AVIBASE-684B9362,21,6,8,7,4,20.3,10.4,3.4,4.5,27.3,135.5,32.9,101.6,24.5,94.3,157.0,Dunning,NA,NO,NA,NA,Forest,1,1,Herbivore,Granivore,Terrestrial,-33.53,10.84,-8.97,-56.85,11668214.68
693,Leptotila verreauxi,Columbidae,Columbiformes,AVIBASE-6141E8C8,38,14,12,12,8,19.5,10.0,3.6,4.0,27.7,136.7,29.8,104.6,22.1,102.1,146.9,Dunning,NA,NO,NA,NA,Shrubland,1,1,Herbivore,Granivore,Terrestrial,-36.95,30.78,-7.54,-61.63,15542979.81
701,Leptotila wellsi,Columbidae,Columbiformes,AVIBASE-4A922076,1,0,1,0,1,21.2,9.6,3.2,4.9,32.2,138.0,21.6,116.4,15.7,91.0,200.0,Dunning,NA,NO,NA,NA,Woodland,1,1,Herbivore,Granivore,Terrestrial,12.00,12.12,12.05,-61.71,15.36
692,Leptotrygon veraguensis,Columbidae,Columbiformes,AVIBASE-BB65071B,5,2,2,1,4,20.1,6.8,2.6,3.9,35.4,132.2,35.7,95.8,27.1,69.8,155.0,Dunning,NA,NO,NA,NA,Forest,1,1,Herbivore,Omnivore,Insessorial,0.84,11.01,6.57,-78.08,127743.93
759,Leucosarcia melanoleuca,Columbidae,Columbiformes,AVIBASE-E91C72D9,4,1,3,0,4,28.8,12.3,4.6,4.6,41.2,197.0,63.7,133.3,32.3,133.0,428.6,Dunning,NA,NO,NA,NA,Forest,2,1,Herbivore,Omnivore,Terrestrial,-39.14,-20.06,-30.44,150.08,503204.11
954,Lopholaimus antarcticus,Columbidae,Columbiformes,AVIBASE-B6416BD3,5,0,0,5,4,25.8,13.3,5.8,8.9,30.8,277.6,106.1,172.7,38.0,193.4,496.4,Dunning,NA,NO,NA,NA,Forest,2,1,Herbivore,Frugivore,Insessorial,-37.99,-14.83,-27.30,150.43,317014.63
652,Macropygia amboinensis,Columbidae,Columbiformes,AVIBASE-FD516092,7,2,3,2,5,21.0,9.1,3.5,4.8,22.8,171.9,55.2,116.6,32.2,190.6,237.0,Dunning,NA,NO,NA,NA,Forest,1,1,Herbivore,Frugivore,Insessorial,-11.66,4.55,-4.61,137.47,1059941.30
647,Macropygia emiliana,Columbidae,Columbiformes,AVIBASE-7A741523,5,1,4,0,4,22.2,10.0,3.7,4.9,22.8,171.0,55.4,115.8,32.4,154.5,161.0,Updated_literature,Dunning (2021),NO,NA,NA,Forest,1,1,Herbivore,Frugivore,Insessorial,-9.11,6.57,-1.69,111.12,580323.25
649,Macropygia macassariensis,Columbidae,Columbiformes,AVIBASE-EDF138FC,0,0,0,0,0,21.4,9.6,3.7,4.8,24.5,175.8,56.9,115.4,33.1,189.0,237.0,Inferred,NA,YES,Beak Culmen; Beak Nares; Beak Width; Beak Depth; Tarsus Length; Wing Length; Kipp's Distance; Secondary1; Hand-Wing Index; Tail Length; Body Mass,Macropygia phasianella,Forest,1,1,Herbivore,Frugivore,Insessorial,-7.42,-5.49,-6.37,120.62,909.04
656,Macropygia mackinlayi,Columbidae,Columbiformes,AVIBASE-A497EDE2,5,2,3,0,4,16.7,6.8,2.8,4.0,21.4,148.6,47.4,101.6,31.8,156.5,85.9,Dunning,NA,NO,NA,NA,Forest,1,1,Herbivore,Omnivore,Insessorial,-20.25,-1.32,-9.67,159.75,54491.47
650,Macropygia magna,Columbidae,Columbiformes,AVIBASE-E3CD28EA,4,1,3,0,4,22.0,10.8,4.2,5.8,24.7,187.2,59.7,127.6,31.8,186.9,237.0,Inferred,NA,YES,Body Mass,Macropygia phasianella,Forest,1,1,Herbivore,Frugivore,Insessorial,-10.37,-7.49,-9.05,125.25,34319.88
655,Macropygia nigrirostris,Columbidae,Columbiformes,AVIBASE-8BA75FED,4,2,2,0,4,18.6,8.1,3.2,5.3,19.7,146.5,53.2,93.3,36.3,137.2,90.1,Dunning,NA,NO,NA,NA,Forest,1,1,Herbivore,Omnivore,Insessorial,-10.73,-0.34,-4.79,141.58,646983.57
653,Macropygia phasianella,Columbidae,Columbiformes,AVIBASE-1CFF2F57,4,2,1,1,3,21.4,9.6,3.7,4.8,24.5,175.8,56.9,115.4,33.1,189.0,237.0,Dunning,NA,NO,NA,NA,NA,1,2,Herbivore,Omnivore,Insessorial,-37.81,-9.94,-24.55,149.09,582030.42
654,Macropygia ruficeps,Columbidae,Columbiformes,AVIBASE-890C54C3,5,2,3,0,4,16.7,7.0,2.8,3.6,18.8,141.0,51.1,88.4,36.6,150.6,81.9,Dunning,NA,NO,NA,NA,Forest,1,1,Herbivore,Omnivore,Generalist,-10.37,23.61,5.92,107.72,1783125.51
646,Macropygia rufipennis,Columbidae,Columbiformes,AVIBASE-DC1A2059,5,2,3,0,4,21.1,9.8,3.8,5.0,24.2,191.0,72.2,119.3,37.7,182.7,256.0,Dunning,NA,NO,NA,NA,Forest,1,1,Herbivore,Frugivore,Insessorial,6.75,13.68,11.22,92.96,7597.74
648,Macropygia tenuirostris,Columbidae,Columbiformes,AVIBASE-5F4401F8,5,3,2,0,4,20.5,9.2,3.6,4.8,21.6,176.2,58.6,117.6,33.2,187.2,177.0,Dunning,NA,NO,NA,NA,Forest,1,1,Herbivore,Frugivore,Insessorial,4.61,22.09,11.79,122.86,282345.03
651,Macropygia timorlaoensis,Columbidae,Columbiformes,AVIBASE-DA25D77D,0,0,0,0,0,21.4,9.6,3.7,4.8,24.5,175.8,56.9,115.4,33.1,189.0,237.0,Inferred,NA,YES,Beak Culmen; Beak Nares; Beak Width; Beak Depth; Tarsus Length; Wing Length; Kipp's Distance; Secondary1; Hand-Wing Index; Tail Length; Body Mass,Macropygia phasianella,Forest,1,1,Herbivore,Frugivore,Insessorial,-8.35,-7.10,-7.62,131.40,3794.37
645,Macropygia unchall,Columbidae,Columbiformes,AVIBASE-C0181886,5,3,2,0,4,22.1,9.5,3.3,4.2,21.9,174.8,61.9,110.3,35.9,166.4,168.0,Dunning,NA,NO,NA,NA,Forest,1,1,Herbivore,Omnivore,Insessorial,-8.96,32.88,22.97,103.40,2550794.48
881,Megaloprepia formosa,Columbidae,Columbiformes,AVIBASE-58064CF2,6,2,2,2,5,18.2,8.2,4.3,4.4,21.5,141.3,43.2,98.2,30.6,142.2,118.5,EltonTraits_GenAvg,NA,NO,NA,NA,Forest,2,1,Herbivore,Frugivore,Insessorial,-1.70,2.23,0.50,127.94,21523.73
880,Megaloprepia magnifica,Columbidae,Columbiformes,AVIBASE-1A279952,5,1,3,1,4,26.2,11.4,4.7,5.4,24.3,163.5,46.9,116.6,28.7,137.4,185.4,Dunning,NA,NO,NA,NA,Forest,2,1,Herbivore,Frugivore,Insessorial,-34.15,-0.01,-10.36,143.31,979740.41
731,Metriopelia aymara,Columbidae,Columbiformes,AVIBASE-A12A84C3,5,2,3,0,4,12.9,6.9,2.7,2.9,18.9,116.2,45.2,70.0,39.2,61.6,61.8,Dunning,NA,NO,NA,NA,Grassland,3,1,Herbivore,Granivore,Terrestrial,-34.72,-9.99,-22.02,-68.28,832237.50
728,Metriopelia ceciliae,Columbidae,Columbiformes,AVIBASE-2F40A0F8,5,2,3,0,4,13.8,8.1,2.8,3.1,17.6,95.0,24.0,70.5,25.4,66.2,55.1,Dunning,NA,NO,NA,NA,Shrubland,3,1,Herbivore,Granivore,Terrestrial,-22.24,-5.13,-14.50,-72.04,490195.48
730,Metriopelia melanoptera,Columbidae,Columbiformes,AVIBASE-C28815B3,9,4,5,0,4,15.0,8.6,3.0,3.8,19.6,130.6,50.2,80.5,38.4,83.3,100.0,Dunning,NA,NO,NA,NA,Shrubland,3,1,Herbivore,Granivore,Terrestrial,-55.72,1.30,-29.40,-70.12,1845275.52
729,Metriopelia morenoi,Columbidae,Columbiformes,AVIBASE-D6484023,4,2,2,0,4,12.9,7.6,2.8,3.1,18.6,95.8,26.0,69.8,27.2,75.8,28.6,EltonTraits_Model,NA,NO,NA,NA,Shrubland,3,1,Herbivore,Granivore,Terrestrial,-29.48,-22.67,-26.53,-66.72,106199.06
641,Nesoenas mayeri,Columbidae,Columbiformes,AVIBASE-602F4DD0,4,1,2,1,4,27.4,13.9,5.1,5.6,34.7,208.5,62.2,146.3,29.8,159.3,302.8,Dunning,NA,NO,NA,NA,Forest,3,1,Herbivore,Omnivore,Generalist,-20.49,-20.36,-20.43,57.45,75.06
640,Nesoenas picturatus,Columbidae,Columbiformes,AVIBASE-CDDEA7EB,5,2,3,0,4,20.5,12.4,3.8,4.7,24.8,165.8,58.2,106.5,35.4,104.2,176.8,Dunning,NA,NO,NA,NA,Forest,2,1,Herbivore,Granivore,Terrestrial,-25.61,-3.71,-19.35,46.69,593803.34
768,Ocyphaps lophotes,Columbidae,Columbiformes,AVIBASE-245D312A,5,2,3,0,4,17.7,9.2,4.2,4.3,26.4,160.6,64.1,96.2,40.0,134.4,204.0,Dunning,NA,NO,NA,NA,Grassland,3,1,Herbivore,Omnivore,Terrestrial,-39.14,-12.25,-25.90,134.24,7382616.53
797,Oena capensis,Columbidae,Columbiformes,AVIBASE-DDC2CC92,5,2,3,0,4,13.6,7.3,2.1,2.8,14.3,102.5,40.2,62.1,39.3,125.8,40.6,Dunning,NA,NO,NA,NA,Shrubland,3,2,Herbivore,Granivore,Terrestrial,-34.84,31.36,0.86,23.95,9891692.70
775,Otidiphaps aruensis,Columbidae,Columbiformes,AVIBASE-F197D25F,3,1,1,1,3,30.5,15.7,5.1,7.3,62.5,185.7,25.1,160.6,13.5,174.5,500.0,DataFromSplit,NA,NO,NA,NA,Forest,2,2,Herbivore,Omnivore,Terrestrial,-6.93,-5.32,-6.17,134.42,7208.37
777,Otidiphaps cervicalis,Columbidae,Columbiformes,AVIBASE-F8AAD9E7,4,2,2,0,4,28.6,12.2,4.0,6.0,62.1,180.8,27.6,153.2,15.2,174.0,500.0,DataFromSplit,NA,NO,NA,NA,Forest,2,2,Herbivore,Omnivore,Terrestrial,-10.70,-4.09,-6.86,145.45,200407.59
778,Otidiphaps insularis,Columbidae,Columbiformes,AVIBASE-857C5AD5,2,1,0,1,2,28.2,11.8,3.9,6.0,63.3,174.6,23.8,150.8,13.6,175.0,500.0,DataFromSplit,NA,NO,NA,NA,Forest,2,2,Herbivore,Omnivore,Terrestrial,-9.73,-9.33,-9.53,150.66,1328.66
776,Otidiphaps nobilis,Columbidae,Columbiformes,AVIBASE-409ADAA1,5,2,3,0,4,28.5,14.7,4.3,6.1,62.3,182.0,31.0,147.5,17.3,180.4,500.0,Dunning,NA,NO,NA,NA,Forest,2,2,Herbivore,Omnivore,Terrestrial,-6.04,-0.01,-3.18,136.85,260128.69
735,Paraclaravis geoffroyi,Columbidae,Columbiformes,AVIBASE-1652D541,4,2,2,0,4,17.4,10.8,3.4,3.7,22.1,118.0,41.0,77.0,34.7,81.8,43.5,EltonTraits_Model,NA,NO,NA,NA,Forest,1,2,Herbivore,Granivore,Terrestrial,-28.12,-19.83,-24.08,-46.92,148131.85
734,Paraclaravis mondetoura,Columbidae,Columbiformes,AVIBASE-B3FE23FB,9,3,6,0,4,18.1,7.0,2.8,3.6,22.2,116.9,33.0,83.5,28.3,81.3,89.7,Dunning,NA,NO,NA,NA,Forest,1,2,Herbivore,Granivore,Terrestrial,-18.99,19.83,2.09,-79.78,342167.22
672,Patagioenas albilinea,Columbidae,Columbiformes,AVIBASE-3B008E78,15,5,8,2,3,25.8,11.3,4.1,5.7,26.8,204.9,73.6,131.3,35.9,141.5,366.3,DataFromSplit,NA,NO,NA,NA,Forest,2,1,Herbivore,Granivore,Terrestrial,-27.77,11.21,-7.68,-71.73,1071014.98
670,Patagioenas albipennis,Columbidae,Columbiformes,AVIBASE-9DAE7539,8,6,2,0,3,24.5,12.1,4.5,6.2,29.9,228.3,88.8,139.5,38.9,128.7,347.0,DataFromSplit,NA,NO,NA,NA,Woodland,2,1,Herbivore,Granivore,Terrestrial,-22.83,-11.23,-16.52,-69.59,596941.05
673,Patagioenas araucana,Columbidae,Columbiformes,AVIBASE-2BD38691,5,2,3,0,4,24.9,12.6,5.0,5.6,30.8,210.2,77.9,132.1,37.0,133.4,270.0,Updated_literature,BoW,NO,NA,NA,Forest,2,2,Herbivore,Frugivore,Insessorial,-47.10,-28.07,-39.48,-72.23,289225.92
674,Patagioenas caribaea,Columbidae,Columbiformes,AVIBASE-05E3F3DF,3,2,1,0,3,24.0,12.0,5.5,6.0,28.3,209.7,74.0,135.7,35.3,147.0,250.0,Dunning,NA,NO,NA,NA,Forest,2,1,Herbivore,Frugivore,Insessorial,17.86,18.46,18.19,-77.21,7105.93
675,Patagioenas cayennensis,Columbidae,Columbiformes,AVIBASE-A8908194,13,5,8,0,6,24.5,12.1,4.6,5.5,23.4,180.3,62.8,115.9,35.1,112.7,229.0,Dunning,NA,NO,NA,NA,Forest,3,1,Herbivore,Frugivore,Insessorial,-32.20,20.43,-7.62,-59.02,13517479.29
667,Patagioenas corensis,Columbidae,Columbiformes,AVIBASE-A87AEB78,9,4,4,1,9,19.8,11.5,4.8,6.0,26.2,192.0,66.8,125.2,34.8,113.0,272.3,Dunning,NA,NO,NA,NA,Shrubland,2,1,Herbivore,Omnivore,Insessorial,9.10,12.63,10.60,-69.53,129079.86
671,Patagioenas fasciata,Columbidae,Columbiformes,AVIBASE-86E122A7,5,2,3,0,4,24.9,18.9,7.5,6.6,25.9,206.9,74.7,131.2,36.2,141.5,366.3,Dunning,NA,NO,NA,NA,Forest,2,1,Herbivore,Granivore,Terrestrial,12.67,51.73,32.56,-109.86,2624630.54
676,Patagioenas flavirostris,Columbidae,Columbiformes,AVIBASE-F8174D40,10,2,8,0,4,23.0,11.2,4.0,5.7,23.1,186.9,68.6,123.9,35.6,114.8,270.8,Dunning,NA,NO,NA,NA,Woodland,2,1,Herbivore,Frugivore,Insessorial,8.37,29.67,19.18,-95.19,917034.76
682,Patagioenas goodsoni,Columbidae,Columbiformes,AVIBASE-A057002F,6,4,2,0,6,17.0,9.1,4.0,5.2,20.0,148.7,50.9,97.8,34.2,99.6,176.0,Inferred,NA,YES,Body Mass,Patagioenas nigrirostris,Forest,2,1,Herbivore,Frugivore,Insessorial,-1.08,7.13,2.97,-77.98,87027.20
678,Patagioenas inornata,Columbidae,Columbiformes,AVIBASE-C4BD9E16,4,2,1,1,4,24.7,14.1,4.6,5.2,27.7,209.0,81.5,127.5,39.0,123.8,365.0,Dunning,NA,NO,NA,NA,Forest,2,1,Herbivore,Omnivore,Insessorial,17.61,22.71,19.12,-73.50,50937.43
664,Patagioenas leucocephala,Columbidae,Columbiformes,AVIBASE-5F571C8A,4,1,1,2,4,27.8,13.9,5.3,5.3,26.7,190.8,64.7,126.1,33.9,121.5,240.1,Dunning,NA,NO,NA,NA,Woodland,2,1,Herbivore,Frugivore,Insessorial,8.88,27.23,20.42,-76.36,238971.29
669,Patagioenas maculosa,Columbidae,Columbiformes,AVIBASE-CC3675BF,5,0,5,0,4,22.6,10.8,4.6,5.3,29.3,211.8,81.4,129.1,38.7,102.4,347.0,Dunning,NA,NO,NA,NA,Woodland,2,1,Herbivore,Granivore,Terrestrial,-45.83,-13.74,-28.98,-60.13,3659053.31
681,Patagioenas nigrirostris,Columbidae,Columbiformes,AVIBASE-1D706BD0,4,1,2,1,4,21.7,11.5,5.0,5.9,20.8,162.0,55.7,106.3,34.4,106.5,176.0,Dunning,NA,NO,NA,NA,Forest,2,1,Herbivore,Frugivore,Insessorial,7.08,18.94,14.33,-87.31,352468.53
677,Patagioenas oenops,Columbidae,Columbiformes,AVIBASE-2328CDB8,4,3,1,0,4,22.2,12.1,4.3,5.0,24.3,192.0,68.5,123.5,35.7,117.2,264.6,Dunning,NA,NO,NA,NA,Forest,2,1,Herbivore,Granivore,Insessorial,-7.91,-4.71,-6.09,-78.28,5928.30
668,Patagioenas picazuro,Columbidae,Columbiformes,AVIBASE-C7405D19,5,1,4,0,4,25.3,14.6,4.8,6.7,30.3,218.2,81.9,136.1,37.6,131.8,279.0,Dunning,NA,NO,NA,NA,Forest,3,1,Herbivore,Omnivore,Generalist,-39.01,-4.34,-21.04,-52.92,5829252.93
679,Patagioenas plumbea,Columbidae,Columbiformes,AVIBASE-CD161B09,13,5,7,1,4,23.1,12.9,4.3,5.1,23.1,177.8,61.9,115.7,34.9,141.6,178.8,Dunning,NA,NO,NA,NA,Forest,1,1,Herbivore,Frugivore,Insessorial,-32.21,10.29,-7.14,-61.29,6564806.47
666,Patagioenas speciosa,Columbidae,Columbiformes,AVIBASE-3EAF0903,6,1,5,0,4,24.5,12.3,4.8,6.0,23.7,184.7,65.5,114.0,36.5,98.3,258.5,Dunning,NA,NO,NA,NA,Forest,1,1,Herbivore,Frugivore,Insessorial,-27.14,21.36,-4.09,-63.71,7713359.51
665,Patagioenas squamosa,Columbidae,Columbiformes,AVIBASE-D15BB73D,10,0,5,5,4,28.1,11.1,4.4,6.0,26.1,210.3,74.2,134.3,35.6,140.3,312.0,Dunning,NA,NO,NA,NA,Forest,2,1,Herbivore,Frugivore,Insessorial,11.18,23.59,20.24,-75.01,202802.20
680,Patagioenas subvinacea,Columbidae,Columbiformes,AVIBASE-F4F72BD9,8,3,5,0,4,18.8,9.8,3.8,4.1,20.8,156.3,53.6,102.7,34.3,114.4,162.5,Dunning,NA,NO,NA,NA,Forest,2,1,Herbivore,Frugivore,Insessorial,-18.30,11.06,-2.21,-64.55,6899058.97
761,Petrophassa albipennis,Columbidae,Columbiformes,AVIBASE-5AC3491A,5,2,3,0,4,18.6,9.7,3.5,3.4,21.9,132.8,32.2,100.0,24.4,106.8,124.3,Dunning,NA,NO,NA,NA,Rock,3,1,Herbivore,Granivore,Terrestrial,-18.27,-13.73,-16.01,127.42,235719.79
760,Petrophassa rufipennis,Columbidae,Columbiformes,AVIBASE-9D10537C,5,2,3,0,4,19.1,9.7,3.6,3.7,22.2,141.4,30.1,110.7,21.3,116.6,159.0,Dunning,NA,NO,NA,NA,Rock,3,1,Herbivore,Granivore,Terrestrial,-14.08,-11.72,-12.72,133.48,55159.82
801,Phapitreron amethystinus,Columbidae,Columbiformes,AVIBASE-A80D4FC6,24,13,11,0,4,25.9,15.1,5.2,6.3,20.5,140.3,47.8,95.0,33.5,103.7,145.0,Dunning,NA,NO,NA,NA,Forest,1,1,Herbivore,Omnivore,Insessorial,5.56,18.65,12.02,123.21,227781.90
800,Phapitreron brevirostris,Columbidae,Columbiformes,AVIBASE-52286EF3,4,2,2,0,4,18.4,8.8,3.5,4.6,16.9,118.9,40.0,78.9,33.6,77.0,108.0,DataFromSplit,NA,NO,NA,NA,Forest,1,1,Herbivore,Frugivore,Insessorial,5.37,12.59,8.38,124.78,122038.36
804,Phapitreron brunneiceps,Columbidae,Columbiformes,AVIBASE-43A48647,1,1,0,0,1,25.3,13.3,4.6,6.4,20.5,137.9,50.0,87.9,36.3,96.2,146.0,Dunning,NA,NO,NA,NA,Forest,1,1,Herbivore,Omnivore,Insessorial,5.56,9.83,7.65,124.79,95407.83
805,Phapitreron cinereiceps,Columbidae,Columbiformes,AVIBASE-ADE5FE2C,5,2,3,0,5,22.9,11.8,4.7,6.7,22.9,134.5,43.7,90.8,32.5,89.5,146.0,Dunning,NA,NO,NA,NA,Forest,1,1,Herbivore,Omnivore,Insessorial,5.05,5.35,5.20,120.06,621.55
803,Phapitreron frontalis,Columbidae,Columbiformes,AVIBASE-DF9C629B,2,0,2,0,0,26.6,15.1,5.2,6.3,20.5,139.0,47.8,95.0,33.5,112.0,145.0,DataFromSplit,NA,YES,Beak Nares; Beak Width; Beak Depth; Tarsus Length; Kipp's Distance; Secondary1; Hand-Wing Index,Phapitreron amethystinus,Forest,1,1,Herbivore,Omnivore,Insessorial,9.48,9.96,9.72,123.42,499.58
798,Phapitreron leucotis,Columbidae,Columbiformes,AVIBASE-62F7778F,4,2,2,0,4,18.4,8.9,4.2,5.0,21.8,128.8,44.9,83.8,34.9,77.2,108.0,Dunning,NA,NO,NA,NA,Forest,1,1,Herbivore,Frugivore,Insessorial,12.21,18.65,15.64,121.44,118342.18
802,Phapitreron maculipectus,Columbidae,Columbiformes,AVIBASE-A8A5F2FC,25,9,15,1,4,27.2,15.6,5.5,6.6,21.6,147.3,51.0,97.6,34.3,113.5,145.0,DataFromSplit,NA,NO,NA,NA,Forest,1,1,Herbivore,Omnivore,Insessorial,9.04,11.65,10.17,122.91,14618.34
799,Phapitreron nigrorum,Columbidae,Columbiformes,AVIBASE-5B745F61,4,2,2,0,4,18.6,9.5,4.3,5.1,20.0,125.3,41.9,83.4,33.4,90.2,108.0,DataFromSplit,NA,NO,NA,NA,Forest,1,1,Herbivore,Frugivore,Insessorial,9.04,12.70,10.78,122.94,34140.90
765,Phaps chalcoptera,Columbidae,Columbiformes,AVIBASE-8D30DDA6,5,2,3,0,4,25.7,12.4,3.8,4.6,29.3,197.8,77.8,121.7,39.0,126.0,330.7,Dunning,NA,NO,NA,NA,Forest,3,1,Herbivore,Granivore,Terrestrial,-43.64,-10.90,-26.24,135.71,5889502.17
766,Phaps elegans,Columbidae,Columbiformes,AVIBASE-020BE546,4,2,2,0,4,22.5,11.3,3.7,4.0,28.3,162.5,49.9,112.7,30.7,99.0,211.4,Dunning,NA,NO,NA,NA,Woodland,2,1,Herbivore,Granivore,Terrestrial,-43.64,-25.00,-35.41,138.02,694565.11
767,Phaps histrionica,Columbidae,Columbiformes,AVIBASE-9560088E,4,2,2,0,4,21.8,10.6,4.2,4.5,27.0,196.5,86.3,110.2,43.9,81.8,289.0,Dunning,NA,NO,NA,NA,Grassland,3,1,Herbivore,Granivore,Terrestrial,-30.76,-12.04,-21.99,131.98,3734100.70
905,Ptilinopus alligator,Columbidae,Columbiformes,AVIBASE-8601021F,2,1,1,0,2,21.6,10.2,5.4,4.9,25.2,186.7,62.5,124.2,33.5,132.6,243.0,Updated_literature,Dunning (2021),NO,NA,NA,Forest,2,1,Herbivore,Frugivore,Insessorial,-13.06,-11.65,-12.45,133.54,37567.63
902,Ptilinopus arcanus,Columbidae,Columbiformes,AVIBASE-15C0303A,1,1,0,0,1,13.9,6.1,3.5,3.8,18.3,100.0,25.3,74.7,25.3,54.0,85.9,Inferred,NA,YES,Body Mass,Ptilinopus monacha,Forest,2,1,Herbivore,Frugivore,Insessorial,10.38,10.51,10.44,123.15,115.91
917,Ptilinopus aurantiifrons,Columbidae,Columbiformes,AVIBASE-BBC4C9DF,4,2,2,0,4,18.6,9.6,4.7,4.4,23.1,128.0,38.8,89.2,30.4,60.8,152.0,Dunning,NA,NO,NA,NA,Forest,2,1,Herbivore,Frugivore,Insessorial,-10.73,-0.34,-5.11,139.40,479657.00
942,Ptilinopus chalcurus,Columbidae,Columbiformes,AVIBASE-506DEB9C,2,1,1,0,2,19.0,7.2,3.5,3.6,26.5,135.0,34.6,100.4,25.6,86.5,97.6,Inferred,NA,YES,Body Mass,Ptilinopus purpuratus,Forest,2,1,Herbivore,Frugivore,Insessorial,-15.87,-15.80,-15.84,-148.26,25.10
944,Ptilinopus chrysogaster,Columbidae,Columbiformes,AVIBASE-94543CFF,4,2,2,0,4,19.4,8.6,4.5,4.6,23.5,136.9,38.4,98.5,28.1,77.8,97.6,DataFromSplit,NA,NO,NA,NA,Forest,2,1,Herbivore,Frugivore,Insessorial,-16.92,-16.41,-16.72,-151.41,381.44
904,Ptilinopus cinctus,Columbidae,Columbiformes,AVIBASE-01FF30C9,5,2,2,1,4,20.8,8.8,4.4,4.4,24.9,157.8,44.2,115.3,27.7,113.6,243.0,Dunning,NA,NO,NA,NA,Forest,2,1,Herbivore,Frugivore,Insessorial,-10.37,-6.30,-8.78,121.80,74691.52
943,Ptilinopus coralensis,Columbidae,Columbiformes,AVIBASE-31FFAD02,4,2,2,0,4,18.2,7.7,3.7,3.9,26.5,126.0,32.3,93.7,25.7,81.5,83.2,Dunning,NA,NO,NA,NA,Forest,2,1,Omnivore,Omnivore,Terrestrial,-22.04,-14.33,-16.82,-143.79,654.22
927,Ptilinopus coronulatus,Columbidae,Columbiformes,AVIBASE-6ECCC45D,4,2,2,0,4,15.7,7.7,3.7,3.6,19.7,117.0,34.0,83.0,29.1,63.8,76.6,Dunning,NA,NO,NA,NA,Forest,2,1,Herbivore,Frugivore,Insessorial,-10.73,-0.34,-5.36,140.95,670308.78
906,Ptilinopus dohertyi,Columbidae,Columbiformes,AVIBASE-A4ECD089,1,0,1,0,1,22.5,10.5,5.2,4.7,29.8,178.0,54.6,123.4,30.7,118.0,243.0,Inferred,NA,YES,Body Mass,Ptilinopus cinctus,Forest,2,1,Herbivore,Frugivore,Insessorial,-10.32,-9.28,-9.76,119.95,10704.53
930,Ptilinopus dupetithouarsii,Columbidae,Columbiformes,AVIBASE-BEDBBD83,4,2,2,0,4,19.0,7.8,4.5,4.3,24.1,144.2,46.6,97.7,32.3,76.8,99.5,Dunning,NA,NO,NA,NA,Forest,2,1,Herbivore,Frugivore,Insessorial,-10.54,-8.80,-9.44,-139.51,1018.27
924,Ptilinopus eugeniae,Columbidae,Columbiformes,AVIBASE-E1257137,5,3,2,0,4,16.3,7.6,4.2,4.2,22.2,115.2,35.4,78.9,31.0,67.8,114.0,Dunning,NA,NO,NA,NA,Forest,2,1,Herbivore,Frugivore,Insessorial,-10.83,-10.14,-10.52,161.82,3382.95
938,Ptilinopus fasciatus,Columbidae,Columbiformes,AVIBASE-9F3042D2,5,2,2,1,4,19.1,8.7,4.2,4.3,21.9,130.9,38.9,92.6,29.6,71.9,106.0,Updated_literature,Dunning (2021),NO,NA,NA,Forest,2,1,Herbivore,Frugivore,Insessorial,-14.38,-13.43,-13.77,-172.05,3082.71
919,Ptilinopus gestroi,Columbidae,Columbiformes,AVIBASE-E0D24D45,4,2,2,0,4,21.3,10.5,4.6,4.7,22.8,147.2,50.7,96.5,34.4,72.9,163.0,DataFromSplit,NA,NO,NA,NA,Forest,2,1,Herbivore,Frugivore,Insessorial,-10.38,-1.94,-5.15,141.76,385485.91
915,Ptilinopus granulifrons,Columbidae,Columbiformes,AVIBASE-A8AAFCCE,5,3,2,0,4,17.7,9.2,5.0,4.9,22.8,121.0,35.2,90.0,28.1,68.2,136.5,Inferred,NA,YES,Body Mass,Ptilinopus insolitus,Forest,2,1,Herbivore,Frugivore,Insessorial,-1.74,-1.33,-1.56,127.73,2077.85
936,Ptilinopus greyi,Columbidae,Columbiformes,AVIBASE-FA53C613,5,3,2,0,4,18.0,7.4,3.8,3.6,20.8,114.8,34.0,78.7,30.2,66.8,82.7,Dunning,NA,NO,NA,NA,Forest,2,1,Herbivore,Frugivore,Insessorial,-22.71,-7.87,-19.11,166.44,32025.73
935,Ptilinopus hernsheimi,Columbidae,Columbiformes,AVIBASE-96FDF70C,4,2,2,0,4,16.7,8.3,4.1,4.0,22.8,124.0,35.7,88.3,28.8,65.9,105.0,DataFromSplit,NA,NO,NA,NA,Forest,2,1,Herbivore,Frugivore,Insessorial,5.26,5.37,5.31,162.98,108.42
940,Ptilinopus huttoni,Columbidae,Columbiformes,AVIBASE-0D3C62C9,4,1,3,0,2,26.3,12.3,4.8,5.4,27.9,161.7,41.9,119.8,25.9,121.2,130.0,Dunning,NA,NO,NA,NA,Forest,2,1,Herbivore,Frugivore,Insessorial,-27.64,-27.58,-27.61,-144.35,4.39
914,Ptilinopus hyogastrus,Columbidae,Columbiformes,AVIBASE-101A4B84,5,2,3,0,4,19.2,10.0,5.2,5.2,21.9,125.8,34.8,92.9,27.2,62.6,136.5,Inferred,NA,YES,Body Mass,Ptilinopus insolitus,Forest,2,1,Herbivore,Frugivore,Insessorial,-0.88,2.65,0.91,127.99,20835.22
922,Ptilinopus insolitus,Columbidae,Columbiformes,AVIBASE-77EDD972,5,2,2,1,4,24.7,8.4,4.6,4.9,23.8,128.0,38.0,89.6,29.8,63.8,136.5,Dunning,NA,NO,NA,NA,Forest,2,1,Herbivore,Frugivore,Insessorial,-6.32,-1.33,-5.05,150.89,42750.02
941,Ptilinopus insularis,Columbidae,Columbiformes,AVIBASE-C57C1B5C,4,1,3,0,4,20.3,8.9,5.2,5.0,30.0,143.5,36.1,107.4,25.2,99.0,104.0,Dunning,NA,NO,NA,NA,Forest,2,1,Herbivore,Frugivore,Insessorial,-24.41,-24.32,-24.36,-128.32,41.11
921,Ptilinopus iozonus,Columbidae,Columbiformes,AVIBASE-91B85A8E,9,6,1,2,8,16.1,8.3,4.2,4.2,21.6,117.8,40.3,77.8,34.1,51.8,114.0,Dunning,NA,NO,NA,NA,Forest,2,1,Herbivore,Frugivore,Insessorial,-10.73,-0.01,-5.34,140.92,674305.79
903,Ptilinopus melanospilus,Columbidae,Columbiformes,AVIBASE-0DF234C1,28,9,18,1,11,17.7,7.6,3.9,4.3,21.0,118.1,31.6,87.7,26.5,75.1,92.0,Dunning,NA,NO,NA,NA,Forest,2,1,Herbivore,Frugivore,Insessorial,-10.32,11.43,-2.06,119.09,498198.97
926,Ptilinopus monacha,Columbidae,Columbiformes,AVIBASE-7D88F8A3,5,3,2,0,4,14.0,6.5,3.4,3.1,18.5,95.8,28.2,67.0,29.6,57.0,53.9,Updated_literature,Dunning (2021),NO,NA,NA,Forest,2,1,Herbivore,Frugivore,Insessorial,-1.87,2.65,0.53,127.94,26140.07
901,Ptilinopus nainus,Columbidae,Columbiformes,AVIBASE-46E62FF6,5,2,3,0,4,11.7,5.2,2.8,3.3,16.1,87.4,23.1,64.8,26.3,42.6,49.0,Updated_literature,BoW,NO,NA,NA,Forest,2,1,Herbivore,Frugivore,Insessorial,-10.73,0.04,-5.12,139.58,269374.33
918,Ptilinopus ornatus,Columbidae,Columbiformes,AVIBASE-A7A6D5C5,3,0,2,1,3,18.6,9.4,4.0,4.5,23.6,150.7,46.8,103.9,31.0,71.7,163.0,Dunning,NA,NO,NA,NA,Forest,2,1,Herbivore,Frugivore,Insessorial,-2.26,-0.34,-1.12,133.11,29156.11
931,Ptilinopus pelewensis,Columbidae,Columbiformes,AVIBASE-A87BEC71,4,0,0,4,4,18.2,8.1,4.3,4.1,23.8,127.8,37.5,90.2,29.4,66.2,93.0,Dunning,NA,NO,NA,NA,Forest,2,1,Herbivore,Frugivore,Insessorial,6.89,7.73,7.44,134.54,454.47
920,Ptilinopus perlatus,Columbidae,Columbiformes,AVIBASE-1BDDFB1D,4,2,2,0,4,24.0,11.2,5.7,5.7,27.4,156.8,47.2,109.5,30.1,84.2,210.0,Dunning,NA,NO,NA,NA,Forest,2,1,Herbivore,Frugivore,Insessorial,-10.73,0.04,-5.37,140.99,673225.36
939,Ptilinopus perousii,Columbidae,Columbiformes,AVIBASE-4267B4F7,5,2,3,0,4,13.4,6.0,3.0,3.4,22.8,128.6,36.6,93.4,28.2,74.2,93.5,Dunning,NA,NO,NA,NA,Forest,2,1,Herbivore,Frugivore,Insessorial,-20.68,-13.43,-16.95,110.25,21647.29
934,Ptilinopus ponapensis,Columbidae,Columbiformes,AVIBASE-29277750,4,2,2,0,4,18.3,9.1,4.1,4.4,23.4,127.2,36.4,90.9,28.6,67.3,105.0,DataFromSplit,NA,NO,NA,NA,Forest,2,1,Herbivore,Frugivore,Insessorial,6.72,7.46,6.98,156.94,443.77
937,Ptilinopus porphyraceus,Columbidae,Columbiformes,AVIBASE-6AD10A4C,4,2,2,0,4,20.3,8.3,3.9,3.9,24.2,133.2,39.6,93.6,29.8,72.5,105.0,Dunning,NA,NO,NA,NA,Forest,2,1,Herbivore,Frugivore,Insessorial,-21.46,-12.48,-18.35,-17.49,3118.74
907,Ptilinopus porphyreus,Columbidae,Columbiformes,AVIBASE-367BB605,4,2,2,0,4,20.7,9.4,5.0,4.2,23.4,145.0,45.4,99.7,31.3,93.2,168.0,Dunning,NA,NO,NA,NA,Forest,2,1,Herbivore,Frugivore,Insessorial,-8.39,-0.90,-4.73,105.46,27641.48
925,Ptilinopus pulchellus,Columbidae,Columbiformes,AVIBASE-CAF11212,5,2,3,0,4,15.4,7.3,3.6,3.6,17.2,105.6,29.6,76.4,28.0,59.4,70.0,Dunning,NA,NO,NA,NA,Forest,2,1,Herbivore,Frugivore,Insessorial,-10.38,-0.01,-4.85,141.05,339387.21
946,Ptilinopus purpuratus,Columbidae,Columbiformes,AVIBASE-68341502,5,2,3,0,4,16.5,7.6,4.1,4.0,27.5,145.2,43.4,99.8,30.3,78.0,97.6,Dunning,NA,NO,NA,NA,Forest,2,1,Herbivore,Frugivore,Insessorial,-17.88,-17.47,-17.66,-149.45,1194.95
945,Ptilinopus rarotongensis,Columbidae,Columbiformes,AVIBASE-779F6508,2,0,2,0,2,16.1,7.0,3.9,4.1,25.5,124.5,30.0,94.6,24.0,80.0,97.6,Inferred,NA,YES,Body Mass,Ptilinopus purpuratus,Forest,2,1,Herbivore,Frugivore,Insessorial,-21.25,-19.97,-20.66,-159.01,57.64
928,Ptilinopus regina,Columbidae,Columbiformes,AVIBASE-3EC888E4,4,2,2,0,4,17.2,7.8,3.7,3.8,20.2,126.8,37.5,89.3,29.6,67.2,101.6,Dunning,NA,NO,NA,NA,Forest,2,1,Herbivore,Frugivore,Insessorial,-34.18,-4.38,-18.29,141.10,553574.47
932,Ptilinopus richardsii,Columbidae,Columbiformes,AVIBASE-34A37399,5,2,2,1,4,17.9,7.6,4.0,4.1,20.9,127.2,37.8,90.0,29.6,71.6,103.9,Dunning,NA,NO,NA,NA,Forest,2,1,Herbivore,Frugivore,Insessorial,-11.88,-10.13,-11.58,160.42,769.10
910,Ptilinopus rivoli,Columbidae,Columbiformes,AVIBASE-98F7FF1F,12,8,4,0,11,19.2,8.9,4.5,4.2,21.5,126.0,36.0,90.2,28.5,73.2,149.0,Dunning,NA,NO,NA,NA,Forest,2,1,Herbivore,Frugivore,Insessorial,-10.27,2.19,-5.05,140.99,294245.10
933,Ptilinopus roseicapilla,Columbidae,Columbiformes,AVIBASE-3D223FA4,5,1,4,0,4,17.7,7.7,4.5,3.8,24.9,122.4,33.5,87.5,27.6,72.4,90.4,Dunning,NA,NO,NA,NA,Forest,2,1,Herbivore,Frugivore,Insessorial,14.11,15.29,14.84,145.57,333.40
912,Ptilinopus solomonensis,Columbidae,Columbiformes,AVIBASE-C15DD431,5,2,3,0,4,17.9,8.0,4.3,4.1,19.9,115.2,32.1,82.6,28.0,65.8,108.5,Dunning,NA,NO,NA,NA,Forest,2,1,Herbivore,Frugivore,Insessorial,-10.91,-0.88,-7.06,156.01,20687.37
911,Ptilinopus speciosus,Columbidae,Columbiformes,AVIBASE-BE752C4F,4,2,2,0,3,18.0,8.3,3.5,4.0,19.8,110.1,30.1,80.0,27.3,48.1,108.5,DataFromSplit,NA,NO,NA,NA,Forest,2,1,Herbivore,Frugivore,Insessorial,-1.33,-0.63,-0.95,135.79,2923.60
909,Ptilinopus superbus,Columbidae,Columbiformes,AVIBASE-205515E9,5,2,3,0,4,17.1,8.8,4.2,4.0,20.7,129.0,38.6,90.4,30.0,68.8,118.0,Dunning,NA,NO,NA,NA,Forest,2,1,Herbivore,Frugivore,Insessorial,-39.14,2.65,-14.47,144.51,1524991.57
913,Ptilinopus tannensis,Columbidae,Columbiformes,AVIBASE-8D278968,4,2,2,0,4,21.5,9.2,5.1,4.6,25.5,148.5,42.5,106.0,28.6,76.2,208.0,Dunning,NA,NO,NA,NA,Forest,2,1,Herbivore,Frugivore,Insessorial,-20.25,-13.58,-16.23,167.71,12046.29
908,Ptilinopus temminckii,Columbidae,Columbiformes,AVIBASE-722E8494,5,2,2,1,5,18.5,9.6,4.4,4.1,22.5,136.1,43.5,92.6,32.0,75.6,118.0,DataFromSplit,NA,NO,NA,NA,Forest,2,1,Herbivore,Frugivore,Insessorial,-6.71,1.79,-2.16,121.23,183021.37
923,Ptilinopus viridis,Columbidae,Columbiformes,AVIBASE-49DBBA0C,12,3,8,1,9,17.8,8.7,4.3,4.2,20.6,112.3,33.7,78.5,30.1,56.6,121.0,Dunning,NA,NO,NA,NA,Forest,2,1,Herbivore,Frugivore,Insessorial,-10.19,0.04,-4.62,141.96,95441.03
916,Ptilinopus wallacii,Columbidae,Columbiformes,AVIBASE-614982D5,4,2,2,0,4,19.5,10.2,4.7,4.2,23.0,148.2,51.2,97.1,34.5,72.0,208.0,Inferred,NA,YES,Body Mass,Ptilinopus tannensis,Forest,2,1,Herbivore,Frugivore,Insessorial,-8.35,-4.50,-6.70,133.02,13260.47
886,Ramphiculus epius,Columbidae,Columbiformes,AVIBASE-595C339A,4,2,2,0,2,23.2,13.5,6.2,6.5,27.0,168.4,42.4,126.0,25.2,130.6,142.0,DataFromSplit,NA,NO,NA,NA,Forest,2,1,Herbivore,Frugivore,Insessorial,-5.66,1.88,-1.81,121.03,106805.53
889,Ramphiculus fischeri,Columbidae,Columbiformes,AVIBASE-69505704,4,1,3,0,3,21.0,10.0,5.3,5.3,28.9,169.0,46.4,122.6,27.5,135.0,177.0,Dunning,NA,NO,NA,NA,Forest,2,1,Herbivore,Frugivore,Insessorial,-3.94,1.48,-1.86,120.60,40322.39
885,Ramphiculus jambu,Columbidae,Columbiformes,AVIBASE-8416E781,5,2,3,0,4,20.2,12.2,4.6,4.7,18.1,138.4,45.3,91.9,33.0,88.4,135.0,Dunning,NA,NO,NA,NA,Forest,2,1,Herbivore,Frugivore,Insessorial,-5.95,11.20,1.12,108.19,1406507.42
884,Ramphiculus leclancheri,Columbidae,Columbiformes,AVIBASE-E71B6E82,5,2,3,0,4,20.0,10.3,4.9,5.0,22.4,141.2,46.1,94.6,32.8,94.4,164.0,Dunning,NA,NO,NA,NA,Forest,2,1,Herbivore,Frugivore,Insessorial,5.56,24.83,12.11,122.83,288493.56
888,Ramphiculus mangoliensis,Columbidae,Columbiformes,AVIBASE-401E8718,2,2,0,0,2,23.4,14.5,6.1,6.6,27.1,158.6,41.0,117.6,25.8,123.9,142.0,DataFromSplit,NA,NO,NA,NA,Forest,2,1,Herbivore,Frugivore,Insessorial,-2.07,-1.58,-1.83,125.02,3825.18
883,Ramphiculus marchei,Columbidae,Columbiformes,AVIBASE-96974565,5,1,2,2,5,26.4,11.6,5.9,6.8,26.2,177.4,33.2,144.2,18.8,138.2,326.0,Dunning,NA,NO,NA,NA,Forest,2,1,Herbivore,Frugivore,Insessorial,13.86,18.65,16.71,121.31,53418.75
890,Ramphiculus meridionalis,Columbidae,Columbiformes,AVIBASE-E41C677F,4,2,2,0,4,22.0,10.0,4.7,4.9,28.0,166.2,44.9,121.3,27.0,132.7,177.0,DataFromSplit,NA,NO,NA,NA,Forest,2,1,Herbivore,Frugivore,Insessorial,-5.45,-5.00,-5.25,119.90,999.88
882,Ramphiculus merrilli,Columbidae,Columbiformes,AVIBASE-EE491959,7,2,4,1,7,19.3,10.7,5.6,6.4,29.7,164.3,37.3,127.0,22.7,118.0,263.0,Dunning,NA,NO,NA,NA,Forest,2,1,Herbivore,Frugivore,Insessorial,12.52,18.58,15.21,121.78,63334.69
891,Ramphiculus occipitalis,Columbidae,Columbiformes,AVIBASE-23DE9E3D,9,5,4,0,8,19.1,9.3,4.3,5.4,26.1,157.2,42.2,116.2,26.7,102.8,238.0,Dunning,NA,NO,NA,NA,Forest,2,1,Herbivore,Frugivore,Insessorial,5.56,18.65,11.86,123.10,267780.83
887,Ramphiculus subgularis,Columbidae,Columbiformes,AVIBASE-E5F5E7D2,4,1,1,2,4,22.1,10.8,4.9,5.2,26.4,163.0,45.5,117.5,28.0,119.5,142.0,Dunning,NA,NO,NA,NA,Forest,2,1,Herbivore,Frugivore,Insessorial,-1.77,-1.15,-1.40,123.18,2670.99
661,Reinwardtoena browni,Columbidae,Columbiformes,AVIBASE-567966D3,4,1,0,3,4,27.3,12.4,5.6,8.1,29.2,228.8,83.1,145.6,36.4,196.1,304.0,Dunning,NA,NO,NA,NA,Forest,1,1,Herbivore,Frugivore,Insessorial,-6.31,-1.91,-4.99,150.71,45117.99
662,Reinwardtoena crassirostris,Columbidae,Columbiformes,AVIBASE-F7DED186,3,1,2,0,3,23.7,12.8,6.9,9.8,25.3,203.7,67.7,136.0,33.2,179.9,259.0,Dunning,NA,NO,NA,NA,Forest,1,1,Herbivore,Frugivore,Insessorial,-10.83,-5.41,-8.14,158.38,34295.64
660,Reinwardtoena reinwardti,Columbidae,Columbiformes,AVIBASE-DA7BFF77,5,2,3,0,4,25.6,10.8,4.8,7.1,25.9,238.2,82.8,157.0,34.5,294.8,275.0,Dunning,NA,NO,NA,NA,Forest,1,1,Herbivore,Frugivore,Insessorial,-10.73,2.65,-4.43,139.77,656098.16
637,Spilopelia chinensis,Columbidae,Columbiformes,AVIBASE-BAD2AC99,6,3,3,0,6,19.9,10.8,3.5,3.5,19.9,138.8,42.0,96.7,30.3,127.3,159.0,Dunning,NA,NO,NA,NA,Woodland,3,1,Herbivore,Granivore,Terrestrial,-10.94,40.87,19.96,107.84,7371539.16
639,Spilopelia senegalensis,Columbidae,Columbiformes,AVIBASE-B2D6AB06,9,4,5,0,4,17.8,8.2,2.7,3.0,18.9,132.2,45.1,86.9,34.2,108.5,82.1,Dunning,NA,NO,NA,NA,Woodland,3,1,Herbivore,Granivore,Terrestrial,-34.84,52.67,13.86,37.37,28873137.27
638,Spilopelia suratensis,Columbidae,Columbiformes,AVIBASE-AEF9E7D3,8,3,3,2,6,19.0,9.1,2.9,3.3,22.0,137.0,43.2,93.1,31.7,127.1,159.0,DataFromSplit,NA,NO,NA,NA,Woodland,3,1,Herbivore,Granivore,Terrestrial,5.92,35.65,22.05,79.42,2921197.38
736,Starnoenas cyanocephala,Columbidae,Columbiformes,AVIBASE-F117ED15,4,0,3,1,3,22.8,10.2,3.7,4.2,32.9,140.3,42.3,98.0,30.2,96.0,219.0,Dunning,NA,NO,NA,NA,Forest,1,1,Herbivore,Omnivore,Terrestrial,19.83,23.19,21.14,-78.14,28507.50
627,Streptopelia bitorquata,Columbidae,Columbiformes,AVIBASE-DFC8E556,5,2,3,0,4,21.8,11.8,3.7,4.2,26.2,160.8,49.2,110.0,31.0,115.8,153.0,Dunning,NA,NO,NA,NA,Woodland,3,1,Herbivore,Granivore,Terrestrial,-10.37,-5.87,-7.82,113.82,186292.82
634,Streptopelia capicola,Columbidae,Columbiformes,AVIBASE-AB937AEB,9,4,5,0,4,21.1,9.8,3.2,3.6,22.4,151.1,49.1,101.7,32.6,107.2,142.0,Dunning,NA,NO,NA,NA,Shrubland,3,1,Herbivore,Granivore,Terrestrial,-34.84,16.58,-12.47,28.78,9534302.21
628,Streptopelia decaocto,Columbidae,Columbiformes,AVIBASE-0C1EFC9B,9,4,5,0,4,20.9,9.6,3.9,3.9,20.8,173.7,60.9,111.5,35.4,134.2,149.0,Dunning,NA,NO,NA,NA,Human Modified,3,1,Herbivore,Omnivore,Terrestrial,-34.00,69.70,40.20,54.01,19265912.02
632,Streptopelia decipiens,Columbidae,Columbiformes,AVIBASE-70BD722B,9,4,5,0,4,22.5,10.9,3.8,4.2,23.5,167.4,51.1,115.5,30.7,128.3,134.0,Dunning,NA,NO,NA,NA,Shrubland,2,1,Herbivore,Granivore,Terrestrial,-25.53,23.47,2.85,20.96,7210175.11
626,Streptopelia dusumieri,Columbidae,Columbiformes,AVIBASE-E9FDB2B9,4,2,2,0,4,21.2,10.7,3.6,4.4,24.1,158.7,51.1,107.6,32.2,112.7,153.0,Updated_literature,Dunning (2021),NO,NA,NA,Woodland,3,1,Herbivore,Granivore,Terrestrial,4.61,18.65,11.75,122.88,277310.82
624,Streptopelia hypopyrrha,Columbidae,Columbiformes,AVIBASE-3D386DBA,4,0,4,0,3,20.0,10.1,3.6,3.8,21.5,173.0,61.5,111.5,35.6,113.8,162.0,Dunning,NA,NO,NA,NA,Forest,3,1,Herbivore,Granivore,Terrestrial,6.02,14.16,10.45,-0.14,529885.84
623,Streptopelia lugens,Columbidae,Columbiformes,AVIBASE-8770C6A7,9,5,4,0,4,20.9,10.3,3.4,3.9,21.5,172.7,63.4,109.6,36.6,115.3,155.0,Dunning,NA,NO,NA,NA,Forest,3,1,Herbivore,Omnivore,Terrestrial,-11.40,20.29,6.17,37.70,945579.48
625,Streptopelia orientalis,Columbidae,Columbiformes,AVIBASE-6658BAC5,5,3,2,0,4,21.9,8.3,3.1,4.0,25.5,176.5,57.2,117.7,32.8,127.2,232.9,Dunning,NA,NO,NA,NA,Woodland,3,3,Herbivore,Omnivore,Terrestrial,8.61,64.61,43.17,102.09,16926350.97
631,Streptopelia reichenowi,Columbidae,Columbiformes,AVIBASE-65FE8029,4,2,2,0,4,17.8,9.3,3.3,3.5,20.6,140.2,43.2,97.0,30.9,105.8,119.0,Dunning,NA,NO,NA,NA,Forest,2,1,Herbivore,Frugivore,Insessorial,-0.72,6.60,4.00,42.40,153525.54
630,Streptopelia roseogrisea,Columbidae,Columbiformes,AVIBASE-273A4A2F,5,2,3,0,4,19.4,10.1,3.7,3.8,21.2,159.2,62.2,96.8,39.2,106.0,155.0,Dunning,NA,NO,NA,NA,Shrubland,2,1,Herbivore,Granivore,Terrestrial,7.53,25.80,15.74,15.76,6532097.97
633,Streptopelia semitorquata,Columbidae,Columbiformes,AVIBASE-9888B3AE,9,4,5,0,4,22.7,10.8,3.6,4.3,23.5,173.1,63.0,109.5,36.6,120.2,176.0,Dunning,NA,NO,NA,NA,Shrubland,3,1,Herbivore,Granivore,Terrestrial,-34.84,19.04,-3.60,21.72,13753343.72
636,Streptopelia tranquebarica,Columbidae,Columbiformes,AVIBASE-BC140778,9,4,5,0,8,15.7,8.7,3.4,3.5,17.1,134.8,53.2,81.0,39.6,82.3,103.0,Dunning,NA,NO,NA,NA,Woodland,2,1,Herbivore,Granivore,Terrestrial,1.26,40.52,26.15,97.93,9407303.38
622,Streptopelia turtur,Columbidae,Columbiformes,AVIBASE-5788552B,9,4,5,0,3,22.4,8.1,4.7,4.9,22.3,170.7,75.1,97.5,43.5,109.7,132.0,Dunning,NA,NO,NA,NA,Woodland,2,3,Herbivore,Granivore,Terrestrial,15.49,64.73,45.44,42.42,17578320.62
635,Streptopelia vinacea,Columbidae,Columbiformes,AVIBASE-DDEF7228,5,2,3,0,4,16.5,8.8,2.8,3.3,20.2,136.4,47.2,88.8,34.6,97.0,110.0,Dunning,NA,NO,NA,NA,Shrubland,2,1,Herbivore,Granivore,Terrestrial,0.87,20.96,10.58,12.21,6146574.47
629,Streptopelia xanthocycla,Columbidae,Columbiformes,AVIBASE-4B62C0C3,5,1,1,3,4,22.7,9.6,3.7,4.5,25.1,176.2,65.6,110.6,37.2,128.8,149.0,DataFromSplit,NA,NO,NA,NA,Human Modified,3,1,Herbivore,Omnivore,Terrestrial,17.46,25.26,21.33,95.39,230039.62
811,Treron affinis,Columbidae,Columbiformes,AVIBASE-B30C3132,4,2,2,0,4,18.4,10.0,4.8,5.7,22.8,144.0,51.2,92.8,35.6,76.5,234.0,DataFromSplit,NA,NO,NA,NA,Forest,2,1,Herbivore,Frugivore,Insessorial,8.07,20.89,14.61,75.04,184675.97
830,Treron apicauda,Columbidae,Columbiformes,AVIBASE-CB6653B4,5,2,2,1,4,21.0,10.5,5.4,6.9,23.8,163.6,57.6,105.7,35.3,172.3,217.2,Dunning,NA,NO,NA,NA,Forest,2,1,Herbivore,Frugivore,Insessorial,13.33,30.70,23.37,98.00,1630253.65
815,Treron aromaticus,Columbidae,Columbiformes,AVIBASE-BA506943,4,2,1,1,4,21.0,10.8,4.8,5.4,23.0,156.8,55.3,101.4,35.2,79.8,234.0,DataFromSplit,NA,NO,NA,NA,Forest,2,1,Herbivore,Frugivore,Insessorial,-3.84,-3.05,-3.42,126.63,8554.31
825,Treron australis,Columbidae,Columbiformes,AVIBASE-BA5B5935,7,2,4,1,4,21.2,10.8,5.4,6.4,25.0,170.4,61.4,111.0,35.6,94.0,229.0,Dunning,NA,NO,NA,NA,Forest,2,1,Herbivore,Frugivore,Insessorial,-25.61,-11.95,-19.38,46.78,505554.32
814,Treron axillaris,Columbidae,Columbiformes,AVIBASE-455CE570,4,2,2,0,4,22.2,11.5,5.3,6.6,25.1,154.8,55.7,99.1,36.0,79.0,234.0,DataFromSplit,NA,NO,NA,NA,Forest,2,1,Herbivore,Frugivore,Insessorial,4.64,18.65,11.82,123.09,275189.62
809,Treron bicinctus,Columbidae,Columbiformes,AVIBASE-0EF5FB3C,9,2,6,1,8,18.3,9.7,4.9,5.5,21.2,156.2,59.7,97.0,38.1,89.9,174.0,Dunning,NA,NO,NA,NA,Forest,2,1,Herbivore,Frugivore,Insessorial,-8.85,29.58,17.13,93.64,2448171.73
826,Treron calvus,Columbidae,Columbiformes,AVIBASE-E9C05A9C,21,12,9,0,8,23.0,11.5,6.0,6.8,22.9,160.6,61.1,99.3,38.1,86.4,197.5,Dunning,NA,NO,NA,NA,Forest,2,2,Herbivore,Frugivore,Insessorial,-25.56,16.04,-2.70,19.34,10739326.33
821,Treron capellei,Columbidae,Columbiformes,AVIBASE-28F77A79,5,2,3,0,4,31.4,18.0,8.6,10.3,23.1,193.8,64.8,128.4,33.5,112.4,401.3,Dunning,NA,NO,NA,NA,Forest,2,1,Herbivore,Frugivore,Insessorial,-5.95,12.39,0.73,107.82,1127623.03
813,Treron chloropterus,Columbidae,Columbiformes,AVIBASE-34FED63C,4,2,2,0,4,23.7,12.5,6.2,7.8,26.5,172.0,61.9,110.1,36.0,88.0,234.0,DataFromSplit,NA,NO,NA,NA,Forest,2,1,Herbivore,Frugivore,Insessorial,6.75,14.19,11.21,92.97,6117.84
816,Treron curvirostra,Columbidae,Columbiformes,AVIBASE-3F61AB07,9,4,5,0,8,19.4,11.9,5.9,7.4,19.9,135.9,47.5,88.6,34.9,73.9,134.5,Dunning,NA,NO,NA,NA,Forest,2,1,Herbivore,Frugivore,Insessorial,-7.02,28.55,13.64,102.06,3273169.54
827,Treron delalandii,Columbidae,Columbiformes,AVIBASE-CDA012BF,4,1,0,3,4,21.9,11.9,6.6,7.6,23.9,170.0,64.3,105.6,37.9,111.8,197.5,DataFromSplit,NA,NO,NA,NA,Forest,2,2,Herbivore,Frugivore,Insessorial,-31.73,-4.67,-18.72,35.52,636994.71
819,Treron floris,Columbidae,Columbiformes,AVIBASE-F9BAD31C,5,1,2,2,4,22.5,13.0,6.1,7.3,23.6,147.8,44.6,104.6,29.9,87.4,205.7,EltonTraits_GenAvg,NA,NO,NA,NA,Forest,2,1,Herbivore,Frugivore,Insessorial,-9.11,-8.08,-8.58,119.69,37609.37
836,Treron formosae,Columbidae,Columbiformes,AVIBASE-020464B6,5,3,2,0,5,22.0,11.7,5.2,6.5,27.6,190.6,68.1,122.5,35.8,111.8,140.0,Dunning,NA,NO,NA,NA,Forest,2,1,Herbivore,Frugivore,Insessorial,18.81,25.30,23.68,120.98,36641.74
806,Treron fulvicollis,Columbidae,Columbiformes,AVIBASE-614EC457,5,2,3,0,4,19.2,9.6,4.5,5.0,19.1,143.4,47.6,95.4,33.3,79.0,167.0,Dunning,NA,NO,NA,NA,Woodland,2,1,Herbivore,Frugivore,Insessorial,-5.95,11.94,1.34,109.94,932158.97
817,Treron griseicauda,Columbidae,Columbiformes,AVIBASE-72CCDB5A,5,4,1,0,4,20.4,11.2,5.5,7.3,23.3,145.4,49.8,96.7,33.9,86.8,205.7,EltonTraits_GenAvg,NA,NO,NA,NA,Grassland,2,1,Herbivore,Frugivore,Insessorial,-8.85,4.55,-4.32,116.37,245187.84
824,Treron griveaudi,Columbidae,Columbiformes,AVIBASE-4E869790,1,1,0,0,1,23.4,13.8,6.2,6.8,25.6,169.0,62.1,106.9,36.7,83.0,229.0,DataFromSplit,NA,NO,NA,NA,Forest,2,1,Herbivore,Frugivore,Insessorial,-12.35,-12.26,-12.31,43.71,63.88
807,Treron olax,Columbidae,Columbiformes,AVIBASE-23E07E95,5,2,3,0,4,17.9,9.9,4.1,4.7,17.1,118.8,40.7,79.1,34.0,64.4,77.0,Dunning,NA,NO,NA,NA,Forest,2,1,Herbivore,Frugivore,Insessorial,-7.48,10.05,0.88,108.41,1359140.89
831,Treron oxyurus,Columbidae,Columbiformes,AVIBASE-30CA850D,5,2,3,0,4,21.4,11.4,5.5,6.5,23.5,156.8,56.4,102.1,35.6,119.6,205.7,EltonTraits_GenAvg,NA,NO,NA,NA,Forest,2,1,Herbivore,Frugivore,Insessorial,-7.26,5.41,0.78,99.71,95078.12
828,Treron pembaensis,Columbidae,Columbiformes,AVIBASE-1DC1F8E7,1,0,1,0,1,22.4,11.8,5.9,7.6,26.1,169.0,61.2,107.8,36.2,82.0,205.7,EltonTraits_GenAvg,NA,NO,NA,NA,Forest,2,1,Herbivore,Frugivore,Insessorial,-5.44,-4.86,-5.17,39.76,908.29
835,Treron permagnus,Columbidae,Columbiformes,AVIBASE-1EE907AC,4,2,2,0,4,24.9,11.7,6.0,6.6,27.2,200.7,70.7,129.9,35.2,146.0,140.0,DataFromSplit,NA,NO,NA,NA,Forest,2,1,Herbivore,Frugivore,Insessorial,24.04,31.22,27.13,128.02,3735.23
810,Treron phayrei,Columbidae,Columbiformes,AVIBASE-4116FF6B,5,2,3,0,4,20.1,10.6,4.9,6.1,23.3,155.8,61.0,96.0,38.9,85.2,187.0,Updated_literature,Dunning (2021),NO,NA,NA,Forest,2,1,Herbivore,Frugivore,Insessorial,8.56,28.92,19.87,98.97,1719830.14
822,Treron phoenicopterus,Columbidae,Columbiformes,AVIBASE-F6C3F6DB,9,3,4,2,8,21.0,12.2,6.5,7.8,25.1,188.2,74.2,113.9,39.5,106.3,235.0,Dunning,NA,NO,NA,NA,Forest,2,1,Herbivore,Frugivore,Insessorial,6.20,33.68,21.90,84.61,4843995.11
812,Treron pompadora,Columbidae,Columbiformes,AVIBASE-539F8993,4,2,2,0,4,18.6,10.4,4.9,6.0,22.0,150.5,56.8,93.7,37.8,84.6,234.0,Dunning,NA,NO,NA,NA,Forest,2,1,Herbivore,Frugivore,Insessorial,5.92,9.83,7.61,80.71,65443.57
820,Treron psittaceus,Columbidae,Columbiformes,AVIBASE-6EB63FA4,4,1,2,1,4,22.6,11.8,6.0,7.3,25.5,165.8,54.5,111.3,32.9,98.2,205.7,EltonTraits_GenAvg,NA,NO,NA,NA,Forest,2,1,Herbivore,Frugivore,Insessorial,-11.00,-8.33,-9.32,125.02,21010.32
829,Treron sanctithomae,Columbidae,Columbiformes,AVIBASE-8F575A0E,3,2,1,0,2,21.5,12.4,7.9,9.9,26.5,170.5,60.5,110.0,35.4,94.5,205.7,EltonTraits_GenAvg,NA,NO,NA,NA,Forest,2,1,Herbivore,Frugivore,Insessorial,0.02,0.42,0.24,6.61,856.75
832,Treron seimundi,Columbidae,Columbiformes,AVIBASE-B3C1CC2E,5,2,3,0,3,20.7,10.9,6.1,6.8,20.8,153.6,52.0,101.5,33.9,141.8,157.8,Dunning,NA,NO,NA,NA,Forest,2,1,Herbivore,Frugivore,Insessorial,3.42,21.82,16.11,106.33,219840.39
834,Treron sieboldii,Columbidae,Columbiformes,AVIBASE-002105C7,11,2,9,0,10,22.7,11.3,5.1,5.6,23.3,182.6,68.6,113.7,37.6,118.0,245.0,Dunning,NA,NO,NA,NA,Forest,2,2,Herbivore,Frugivore,Insessorial,13.75,45.52,28.01,116.78,2159328.24
833,Treron sphenurus,Columbidae,Columbiformes,AVIBASE-CCE99BC4,13,6,7,0,12,20.3,10.4,5.1,5.3,22.3,170.7,62.9,106.7,37.1,117.0,210.0,Dunning,NA,NO,NA,NA,Forest,1,2,Herbivore,Frugivore,Insessorial,-8.53,34.72,22.52,98.35,1738455.55
818,Treron teysmannii,Columbidae,Columbiformes,AVIBASE-6676140F,5,3,2,0,4,22.8,11.9,6.1,8.1,25.8,157.0,52.1,105.6,33.1,89.0,205.7,EltonTraits_GenAvg,NA,NO,NA,NA,Forest,2,1,Herbivore,Frugivore,Insessorial,-10.32,-9.41,-9.82,119.90,6075.21
808,Treron vernans,Columbidae,Columbiformes,AVIBASE-D0772401,5,2,3,0,4,19.4,9.2,4.7,5.2,20.6,137.4,44.4,91.2,32.8,79.8,132.0,Dunning,NA,NO,NA,NA,Forest,2,1,Herbivore,Frugivore,Insessorial,-9.11,19.58,3.34,110.34,2260914.59
823,Treron waalia,Columbidae,Columbiformes,AVIBASE-46C90944,5,2,3,0,4,20.4,10.9,6.2,7.0,24.6,179.4,66.2,112.8,37.0,106.2,254.0,Dunning,NA,NO,NA,NA,Woodland,2,2,Herbivore,Frugivore,Insessorial,1.22,23.10,10.69,18.10,5454383.59
774,Trugon terrestris,Columbidae,Columbiformes,AVIBASE-7EFA1E93,6,1,2,3,4,27.3,12.8,5.1,7.6,47.0,173.5,51.4,119.4,30.1,121.2,400.0,Dunning,NA,NO,NA,NA,Forest,1,1,Herbivore,Granivore,Terrestrial,-10.73,-0.34,-5.35,141.00,651761.91
657,Turacoena manadensis,Columbidae,Columbiformes,AVIBASE-D14CE6AB,6,0,1,5,4,25.4,12.1,4.7,5.7,26.7,198.7,57.8,140.0,29.2,181.3,208.6,Dunning,NA,NO,NA,NA,Forest,1,1,Herbivore,Frugivore,Insessorial,-5.71,1.88,-2.11,121.12,157651.99
659,Turacoena modesta,Columbidae,Columbiformes,AVIBASE-A8B4CB21,4,0,2,2,4,25.0,11.1,4.8,5.6,25.4,196.8,64.4,132.3,32.8,162.2,340.0,EltonTraits_Model,NA,NO,NA,NA,Forest,1,1,Herbivore,Frugivore,Insessorial,-10.64,-7.56,-9.14,125.20,31634.62
658,Turacoena sulaensis,Columbidae,Columbiformes,AVIBASE-E9B2FCFC,2,0,0,2,0,25.5,12.1,5.3,6.0,21.8,181.0,57.8,140.0,29.2,171.5,208.6,DataFromSplit,NA,YES,Beak Nares; Kipp's Distance; Secondary1; Hand-Wing Index,Turacoena manadensis,Forest,1,1,Herbivore,Frugivore,Insessorial,-2.49,-1.63,-1.88,125.16,4637.38
793,Turtur abyssinicus,Columbidae,Columbiformes,AVIBASE-72B71F11,5,1,4,0,4,16.4,7.8,2.2,2.7,17.9,105.4,32.9,73.6,30.9,77.8,62.7,Dunning,NA,NO,NA,NA,Shrubland,2,1,Herbivore,Granivore,Terrestrial,1.42,18.17,11.41,13.19,3889636.70
794,Turtur afer,Columbidae,Columbiformes,AVIBASE-23D5FC36,9,4,5,0,4,17.5,7.2,2.1,2.9,18.0,105.2,29.5,75.2,28.2,80.4,65.6,Dunning,NA,NO,NA,NA,Shrubland,2,1,Herbivore,Granivore,Terrestrial,-23.52,16.96,2.08,17.55,10011361.74
796,Turtur brehmeri,Columbidae,Columbiformes,AVIBASE-0CA6EE59,19,3,2,14,7,18.5,9.0,2.7,3.3,26.6,126.4,30.3,89.7,25.2,107.2,116.0,Dunning,NA,NO,NA,NA,Forest,2,1,Omnivore,Omnivore,Terrestrial,-6.28,9.22,2.42,13.71,2760838.43
792,Turtur chalcospilos,Columbidae,Columbiformes,AVIBASE-BDF442F2,14,4,5,5,9,16.5,7.4,2.6,3.2,18.5,110.5,31.4,79.4,28.4,74.6,60.6,Dunning,NA,NO,NA,NA,Shrubland,2,1,Herbivore,Granivore,Terrestrial,-34.21,11.26,-10.42,31.73,5888722.68
795,Turtur tympanistria,Columbidae,Columbiformes,AVIBASE-7308278F,22,4,12,6,15,17.0,8.0,2.9,3.5,21.0,112.9,28.4,84.1,25.2,83.6,70.6,Dunning,NA,NO,NA,NA,Forest,2,1,Herbivore,Granivore,Terrestrial,-34.84,10.32,-4.36,23.60,8134665.65
733,Uropelia campestris,Columbidae,Columbiformes,AVIBASE-B83876CC,4,1,0,3,4,10.7,5.4,2.1,2.4,14.7,65.2,13.0,52.2,19.9,73.0,35.2,Dunning,NA,NO,NA,NA,Grassland,3,1,Herbivore,Granivore,Terrestrial,-19.54,2.27,-13.63,-50.74,1791696.14
712,Zenaida asiatica,Columbidae,Columbiformes,AVIBASE-BFBC73AF,6,1,5,0,4,24.0,14.4,4.2,4.5,24.8,160.8,57.0,104.8,35.2,116.2,153.0,Dunning,NA,NO,NA,NA,Shrubland,2,1,Herbivore,Granivore,Generalist,7.95,37.55,25.56,-100.88,2959489.41
716,Zenaida auriculata,Columbidae,Columbiformes,AVIBASE-71958FA9,25,7,12,6,8,19.0,11.3,3.7,4.0,21.0,136.2,45.2,91.7,32.7,92.9,110.2,Dunning,NA,NO,NA,NA,Human Modified,3,1,Herbivore,Granivore,Terrestrial,-55.05,14.10,-20.36,-59.30,11530888.21
714,Zenaida aurita,Columbidae,Columbiformes,AVIBASE-85BD24D1,8,2,2,4,4,22.1,8.0,2.8,4.5,22.9,149.0,50.1,98.8,33.6,96.4,156.0,Dunning,NA,NO,NA,NA,Forest,3,1,Herbivore,Omnivore,Generalist,12.00,26.93,20.41,-75.48,230577.71
715,Zenaida galapagoensis,Columbidae,Columbiformes,AVIBASE-E0DFC281,7,3,4,0,6,20.3,12.6,3.8,4.0,22.9,125.4,45.3,78.8,36.6,64.9,111.0,Dunning,NA,NO,NA,NA,Woodland,3,1,Herbivore,Granivore,Generalist,-1.41,1.68,-0.54,-90.89,8331.05
718,Zenaida graysoni,Columbidae,Columbiformes,AVIBASE-5428D897,3,2,1,0,2,22.4,11.6,4.3,4.2,29.0,147.0,38.8,108.2,26.4,134.0,192.0,Dunning,NA,NO,NA,NA,Forest,1,1,Herbivore,Omnivore,Generalist,NA,NA,NA,NA,NA
717,Zenaida macroura,Columbidae,Columbiformes,AVIBASE-00124D98,15,5,7,3,6,19.6,9.3,2.7,3.4,19.6,144.4,53.1,91.6,36.6,122.2,118.9,Dunning,NA,NO,NA,NA,Human Modified,3,1,Herbivore,Granivore,Terrestrial,7.45,56.32,39.64,-99.32,11131808.01
713,Zenaida meloda,Columbidae,Columbiformes,AVIBASE-542D7AFA,4,1,3,0,4,23.1,13.5,3.9,4.4,25.0,158.0,52.8,105.2,33.3,100.8,209.2,Dunning,NA,NO,NA,NA,Shrubland,2,1,Herbivore,Granivore,Generalist,-30.48,-0.59,-15.94,-74.36,265815.10
707,Zentrygon albifacies,Columbidae,Columbiformes,AVIBASE-AE2BFE95,5,2,3,0,4,24.7,10.9,3.7,4.4,43.3,141.4,35.3,105.0,25.2,80.2,238.0,Dunning,NA,NO,NA,NA,Forest,1,1,Herbivore,Omnivore,Terrestrial,13.00,21.83,16.08,-91.79,192106.95
704,Zentrygon carrikeri,Columbidae,Columbiformes,AVIBASE-3A16532D,2,0,2,0,2,25.2,10.9,5.7,4.9,42.1,146.5,33.9,112.6,23.1,92.5,267.0,Dunning,NA,NO,NA,NA,Forest,1,1,Herbivore,Omnivore,Terrestrial,18.29,18.57,18.38,-94.94,127.54
710,Zentrygon chiriquensis,Columbidae,Columbiformes,AVIBASE-E9476773,4,1,2,1,4,24.8,9.2,3.5,4.4,42.3,148.2,31.8,116.5,21.4,80.8,308.0,Dunning,NA,NO,NA,NA,Forest,1,1,Herbivore,Omnivore,Terrestrial,8.36,10.98,9.41,-83.19,16384.72
705,Zentrygon costaricensis,Columbidae,Columbiformes,AVIBASE-944159C3,5,2,3,0,4,22.8,9.6,3.5,4.4,41.3,139.2,27.9,112.2,19.9,77.8,285.1,Dunning,NA,NO,NA,NA,Forest,1,1,Herbivore,Omnivore,Terrestrial,8.41,10.98,9.38,-83.18,16523.84
708,Zentrygon frenata,Columbidae,Columbiformes,AVIBASE-ADE69C27,15,5,3,7,4,26.8,11.9,4.6,5.7,42.3,155.8,28.5,127.6,18.2,100.7,307.0,Dunning,NA,NO,NA,NA,Forest,1,1,Herbivore,Omnivore,Terrestrial,-24.36,6.06,-8.20,-74.15,442995.43
711,Zentrygon goldmani,Columbidae,Columbiformes,AVIBASE-1751C006,4,2,2,0,4,19.9,10.8,5.0,5.2,42.1,141.5,26.1,115.4,18.4,85.0,258.0,Dunning,NA,NO,NA,NA,Forest,1,1,Herbivore,Granivore,Terrestrial,7.07,9.38,7.83,-77.64,6012.31
706,Zentrygon lawrencii,Columbidae,Columbiformes,AVIBASE-DCC794E5,4,2,0,2,4,21.6,9.6,3.4,4.5,40.3,137.5,33.4,104.1,24.3,74.2,220.0,Dunning,NA,NO,NA,NA,Forest,1,1,Herbivore,Omnivore,Terrestrial,7.92,11.04,9.36,-82.34,7970.03
709,Zentrygon linearis,Columbidae,Columbiformes,AVIBASE-A7F898C1,4,2,2,0,4,23.4,9.7,3.5,4.8,41.2,150.5,30.1,120.3,20.0,93.8,261.0,Dunning,NA,NO,NA,NA,Forest,1,1,Herbivore,Granivore,Terrestrial,1.68,11.35,7.84,-71.17,162092.83